Date,T_air,T_water,Discharge
2018-01-01,3.99,4.8,15.37
2018-01-02,2.73,4.9,14.84
2018-01-03,4.3,4.76,16.43
2018-01-04,6.06,3.45,15.5
2018-01-05,2.56,4.39,15.7
2018-01-06,2.58,4.57,16.26
2018-01-07,6.22,4.18,16.11
2018-01-08,4.62,2.06,16.75
2018-01-09,2.17,4.28,16.44
2018-01-10,4.23,6.31,16.18
2018-01-11,2.25,3.72,16.79
2018-01-12,2.28,3.33,16.31
2018-01-13,3.74,4.42,16.96
2018-01-14,-0.53,4.35,17.05
2018-01-15,-0.1,5.21,17.12
2018-01-16,2.27,2.75,17.32
2018-01-17,1.43,4.74,16.93
2018-01-18,4.14,4.59,17.47
2018-01-19,1.76,3.86,17.92
2018-01-20,0.81,4.34,18.12
2018-01-21,6.64,5.03,17.8
2018-01-22,3.32,4.88,19.25
2018-01-23,3.99,2.87,18.18
2018-01-24,1.08,4.85,19.32
2018-01-25,2.92,3.97,19.1
2018-01-26,4.32,4.13,18.76
2018-01-27,1.88,4.14,20.63
2018-01-28,5.02,3.94,18.92
2018-01-29,3.17,5.3,20.13
2018-01-30,3.88,4.05,20.36
2018-01-31,3.36,3.04,19.6
2018-02-01,8.37,3.8,21.06
2018-02-02,4.75,4.4,20.11
2018-02-03,2.77,5.49,20.55
2018-02-04,6.64,4.9,20.71
2018-02-05,2.67,3.48,20.68
2018-02-06,5.65,6.86,21.41
2018-02-07,1.43,4.68,21.57
2018-02-08,2.82,5.73,20.68
2018-02-09,6.0,4.35,22.35
2018-02-10,7.21,5.09,21.04
2018-02-11,6.21,5.45,22.45
2018-02-12,5.77,5.88,22.7
2018-02-13,5.54,5.77,21.7
2018-02-14,3.32,-999.0,22.1
2018-02-15,4.98,4.52,22.03
2018-02-16,5.65,4.32,22.53
2018-02-17,8.83,5.29,22.65
2018-02-18,7.56,5.96,23.44
2018-02-19,3.5,4.87,24.06
2018-02-20,7.83,6.23,24.31
2018-02-21,6.56,6.69,23.23
2018-02-22,6.14,4.4,23.54
2018-02-23,8.88,4.55,23.23
2018-02-24,9.88,5.33,23.64
2018-02-25,9.85,5.86,24.75
2018-02-26,6.48,5.11,25.54
2018-02-27,7.71,7.07,24.0
2018-02-28,9.16,6.22,24.36
2018-03-01,10.63,5.93,24.76
2018-03-02,7.89,4.54,25.09
2018-03-03,8.66,4.75,24.76
2018-03-04,7.0,6.44,25.49
2018-03-05,7.0,4.13,25.19
2018-03-06,11.2,7.37,25.55
2018-03-07,12.47,6.3,26.03
2018-03-08,9.8,9.8,25.87
2018-03-09,12.14,8.96,25.82
2018-03-10,11.05,6.58,26.11
2018-03-11,9.23,6.76,26.26
2018-03-12,11.43,7.97,26.28
2018-03-13,13.98,8.78,26.47
2018-03-14,11.02,5.55,27.96
2018-03-15,14.42,5.51,27.2
2018-03-16,6.25,6.79,26.88
2018-03-17,13.33,8.11,27.57
2018-03-18,12.06,8.13,27.13
2018-03-19,11.49,8.82,28.22
2018-03-20,12.47,6.67,27.75
2018-03-21,8.51,5.67,27.63
2018-03-22,12.25,8.97,28.06
2018-03-23,13.61,7.4,27.39
2018-03-24,16.05,6.33,27.63
2018-03-25,12.26,8.62,27.73
2018-03-26,11.89,9.39,28.37
2018-03-27,12.71,8.6,29.79
2018-03-28,15.75,8.39,30.58
2018-03-29,14.78,8.82,29.01
2018-03-30,13.27,8.74,29.03
2018-03-31,15.56,7.89,28.26
2018-04-01,14.94,8.65,28.72
2018-04-02,16.89,10.02,28.74
2018-04-03,13.75,9.95,28.9
2018-04-04,14.71,9.93,29.18
2018-04-05,14.78,8.9,29.15
2018-04-06,12.85,9.84,28.82
2018-04-07,16.57,7.98,30.0
2018-04-08,16.71,10.47,29.22
2018-04-09,16.4,11.86,29.84
2018-04-10,16.13,9.09,31.62
2018-04-11,13.97,10.11,29.51
2018-04-12,16.16,11.16,29.24
2018-04-13,16.52,12.22,29.9
2018-04-14,15.81,10.66,30.84
2018-04-15,17.29,10.55,31.84
2018-04-16,18.62,9.41,29.78
2018-04-17,21.79,11.62,30.59
2018-04-18,18.56,-999.0,30.16
2018-04-19,18.93,12.07,30.38
2018-04-20,18.46,11.91,33.24
2018-04-21,14.97,12.39,30.01
2018-04-22,18.95,12.2,30.72
2018-04-23,19.32,11.53,30.9
2018-04-24,24.32,13.3,31.4
2018-04-25,19.2,12.84,30.77
2018-04-26,20.37,12.77,30.93
2018-04-27,19.89,11.92,30.62
2018-04-28,17.81,14.33,30.97
2018-04-29,22.62,13.83,30.7
2018-04-30,22.02,12.75,31.25
2018-05-01,22.28,14.44,30.74
2018-05-02,19.06,13.08,31.14
2018-05-03,23.87,12.93,30.94
2018-05-04,18.43,13.08,31.72
2018-05-05,22.59,12.21,30.95
2018-05-06,25.97,14.58,30.4
2018-05-07,19.78,12.41,31.87
2018-05-08,20.79,13.15,30.63
2018-05-09,22.29,12.43,30.72
2018-05-10,21.25,14.55,30.74
2018-05-11,19.32,14.61,31.98
2018-05-12,22.72,14.57,30.33
2018-05-13,20.62,13.98,34.77
2018-05-14,23.85,13.98,31.65
2018-05-15,21.22,15.74,31.06
2018-05-16,26.31,14.85,30.9
2018-05-17,21.79,15.84,31.05
2018-05-18,22.86,14.76,31.17
2018-05-19,25.28,15.95,31.23
2018-05-20,21.33,17.19,31.13
2018-05-21,24.38,16.6,30.82
2018-05-22,26.68,15.72,30.65
2018-05-23,20.98,16.5,30.63
2018-05-24,24.7,16.12,30.56
2018-05-25,24.98,16.48,31.37
2018-05-26,26.15,16.26,30.91
2018-05-27,22.23,16.54,29.74
2018-05-28,22.19,17.03,30.84
2018-05-29,25.99,15.93,30.5
2018-05-30,25.65,16.01,30.33
2018-05-31,25.67,15.75,30.1
2018-06-01,25.97,15.64,30.96
2018-06-02,24.02,16.13,30.75
2018-06-03,25.95,17.61,29.75
2018-06-04,26.17,16.65,30.22
2018-06-05,24.25,18.16,29.54
2018-06-06,29.5,17.78,29.34
2018-06-07,26.81,15.87,29.49
2018-06-08,23.57,-999.0,30.21
2018-06-09,27.34,18.83,30.2
2018-06-10,24.16,17.12,29.79
2018-06-11,27.76,18.62,29.84
2018-06-12,28.58,17.43,29.61
2018-06-13,24.69,18.47,28.94
2018-06-14,28.32,17.19,29.36
2018-06-15,27.29,16.74,29.51
2018-06-16,28.16,18.23,29.37
2018-06-17,30.37,18.56,29.62
2018-06-18,26.14,18.36,29.12
2018-06-19,25.17,17.65,28.78
2018-06-20,24.94,18.51,29.18
2018-06-21,25.13,19.24,28.34
2018-06-22,26.65,19.0,27.88
2018-06-23,27.52,19.29,28.04
2018-06-24,27.43,18.5,27.68
2018-06-25,28.55,20.4,27.58
2018-06-26,26.95,18.11,27.67
2018-06-27,29.85,19.83,27.29
2018-06-28,26.43,20.58,27.34
2018-06-29,32.42,19.93,26.74
2018-06-30,28.24,-999.0,27.33
2018-07-01,25.28,19.01,27.09
2018-07-02,24.86,20.62,26.61
2018-07-03,27.96,18.21,27.2
2018-07-04,26.55,18.7,27.27
2018-07-05,28.42,19.31,25.97
2018-07-06,27.92,20.98,26.06
2018-07-07,26.82,20.16,25.91
2018-07-08,25.25,18.84,25.71
2018-07-09,23.9,19.53,26.45
2018-07-10,26.01,19.25,25.69
2018-07-11,28.58,19.18,25.51
2018-07-12,27.27,20.89,24.85
2018-07-13,24.31,18.56,25.7
2018-07-14,27.11,21.55,24.71
2018-07-15,27.49,20.79,25.05
2018-07-16,24.91,21.06,25.01
2018-07-17,26.94,19.52,25.67
2018-07-18,26.69,19.84,24.06
2018-07-19,24.23,18.56,23.6
2018-07-20,27.18,19.47,24.31
2018-07-21,27.52,20.49,25.51
2018-07-22,28.5,21.29,24.74
2018-07-23,28.37,18.89,23.83
2018-07-24,23.43,19.62,23.34
2018-07-25,24.24,-999.0,23.88
2018-07-26,27.06,18.57,22.83
2018-07-27,26.98,20.55,23.32
2018-07-28,26.89,-999.0,23.17
2018-07-29,33.48,19.72,23.41
2018-07-30,26.82,19.45,25.52
2018-07-31,27.86,19.09,22.59
2018-08-01,27.39,19.84,21.98
2018-08-02,26.69,19.61,22.02
2018-08-03,24.65,19.42,21.27
2018-08-04,26.69,19.03,21.39
2018-08-05,23.51,20.05,21.33
2018-08-06,24.47,21.34,21.11
2018-08-07,23.86,19.79,21.25
2018-08-08,24.87,20.6,20.66
2018-08-09,29.21,18.17,21.58
2018-08-10,20.73,19.68,20.66
2018-08-11,25.7,18.37,20.48
2018-08-12,20.97,17.94,20.16
2018-08-13,23.12,18.63,20.22
2018-08-14,26.11,20.5,20.48
2018-08-15,23.92,20.21,19.45
2018-08-16,21.49,19.44,19.35
2018-08-17,22.07,17.6,19.32
2018-08-18,24.72,18.88,18.8
2018-08-19,21.75,19.31,18.78
2018-08-20,23.49,19.12,18.74
2018-08-21,22.99,17.03,19.33
2018-08-22,21.44,17.91,18.75
2018-08-23,26.87,18.66,18.55
2018-08-24,23.69,19.19,18.81
2018-08-25,18.21,16.38,18.05
2018-08-26,22.47,18.33,18.17
2018-08-27,20.6,18.55,17.74
2018-08-28,23.46,19.18,17.77
2018-08-29,20.0,18.94,17.21
2018-08-30,21.18,18.74,16.6
2018-08-31,22.25,17.27,17.08
2018-09-01,22.79,16.07,18.02
2018-09-02,18.48,17.49,17.42
2018-09-03,20.03,18.79,17.29
2018-09-04,19.57,19.09,17.37
2018-09-05,19.03,18.31,16.41
2018-09-06,23.68,17.93,16.32
2018-09-07,20.77,17.78,15.8
2018-09-08,17.25,16.74,15.77
2018-09-09,21.42,17.06,16.13
2018-09-10,23.63,18.75,16.45
2018-09-11,21.26,16.03,15.41
2018-09-12,15.96,18.48,15.13
2018-09-13,17.84,16.44,15.19
2018-09-14,21.14,17.97,15.4
2018-09-15,17.0,15.13,14.4
2018-09-16,19.1,17.01,14.1
2018-09-17,19.56,15.57,14.41
2018-09-18,15.96,14.77,14.06
2018-09-19,17.49,16.29,14.16
2018-09-20,10.93,16.96,14.18
2018-09-21,15.16,14.98,13.93
2018-09-22,16.5,14.21,15.07
2018-09-23,14.31,15.49,14.06
2018-09-24,19.86,15.37,13.93
2018-09-25,13.53,15.89,14.01
2018-09-26,15.31,16.16,13.1
2018-09-27,16.24,15.03,14.1
2018-09-28,18.66,16.81,13.27
2018-09-29,12.7,15.05,13.6
2018-09-30,17.69,14.35,12.68
2018-10-01,15.18,12.96,12.45
2018-10-02,12.99,14.18,13.39
2018-10-03,15.67,13.97,12.99
2018-10-04,14.93,15.14,12.33
2018-10-05,13.13,14.51,12.24
2018-10-06,14.26,12.73,13.26
2018-10-07,13.15,13.95,11.96
2018-10-08,13.94,14.31,13.6
2018-10-09,14.83,15.03,11.88
2018-10-10,16.47,14.26,12.54
2018-10-11,10.62,14.0,11.93
2018-10-12,17.16,13.16,12.36
2018-10-13,8.79,13.35,11.69
2018-10-14,12.18,14.07,11.78
2018-10-15,13.46,11.35,11.81
2018-10-16,12.65,12.2,11.33
2018-10-17,10.64,11.64,12.11
2018-10-18,11.27,12.65,11.38
2018-10-19,10.5,13.37,11.44
2018-10-20,10.11,11.4,11.1
2018-10-21,12.8,9.47,10.72
2018-10-22,11.62,11.31,11.3
2018-10-23,9.32,12.5,13.68
2018-10-24,12.31,11.99,11.78
2018-10-25,10.94,11.74,11.25
2018-10-26,11.76,10.9,11.1
2018-10-27,11.21,9.76,11.2
2018-10-28,8.1,11.42,11.47
2018-10-29,8.45,9.93,10.68
2018-10-30,10.89,12.81,11.85
2018-10-31,10.43,11.06,11.51
2018-11-01,8.99,-999.0,11.49
2018-11-02,9.09,9.61,11.29
2018-11-03,11.23,10.0,11.04
2018-11-04,7.32,9.72,11.42
2018-11-05,9.42,10.94,11.35
2018-11-06,7.75,9.88,10.84
2018-11-07,7.55,8.83,10.75
2018-11-08,10.02,11.32,11.05
2018-11-09,9.31,9.35,12.17
2018-11-10,9.12,9.94,10.55
2018-11-11,9.95,8.43,10.5
2018-11-12,7.22,9.28,11.12
2018-11-13,8.39,9.1,11.07
2018-11-14,6.25,6.77,11.16
2018-11-15,7.37,10.55,11.22
2018-11-16,6.31,9.7,11.01
2018-11-17,6.62,7.89,12.25
2018-11-18,7.47,7.07,10.62
2018-11-19,4.5,8.4,10.86
2018-11-20,10.19,8.02,11.19
2018-11-21,3.85,8.17,10.72
2018-11-22,3.31,7.89,11.24
2018-11-23,7.92,8.09,12.66
2018-11-24,7.06,-999.0,11.42
2018-11-25,6.6,7.92,11.59
2018-11-26,6.49,6.19,11.05
2018-11-27,5.09,8.49,11.31
2018-11-28,3.2,8.66,11.46
2018-11-29,5.04,10.07,11.55
2018-11-30,3.42,5.69,12.66
2018-12-01,6.62,6.95,12.15
2018-12-02,4.27,4.52,11.47
2018-12-03,2.81,7.06,12.1
2018-12-04,3.72,5.86,12.32
2018-12-05,5.1,8.23,12.89
2018-12-06,3.05,5.44,13.4
2018-12-07,2.45,4.43,11.88
2018-12-08,4.5,5.55,12.04
2018-12-09,4.42,3.96,11.99
2018-12-10,2.84,6.6,12.44
2018-12-11,2.83,3.69,12.9
2018-12-12,4.17,5.7,13.37
2018-12-13,0.74,3.51,12.8
2018-12-14,0.76,5.19,12.79
2018-12-15,2.07,7.07,13.12
2018-12-16,3.03,5.71,12.8
2018-12-17,4.02,4.41,15.09
2018-12-18,6.3,-999.0,12.81
2018-12-19,5.01,5.15,13.57
2018-12-20,2.94,5.53,15.34
2018-12-21,3.18,3.63,13.71
2018-12-22,1.17,5.52,13.73
2018-12-23,3.11,2.16,13.78
2018-12-24,2.54,4.17,13.98
2018-12-25,3.73,4.26,15.18
2018-12-26,1.41,5.32,13.65
2018-12-27,4.08,4.65,15.6
2018-12-28,6.09,3.17,14.07
2018-12-29,2.8,3.54,14.59
2018-12-30,3.81,4.68,14.65
2018-12-31,4.38,4.36,15.33
2019-01-01,2.2,3.81,14.57
2019-01-02,3.45,3.87,15.52
2019-01-03,3.03,5.01,17.16
2019-01-04,3.21,3.76,15.05
2019-01-05,1.48,4.15,15.79
2019-01-06,3.09,6.38,15.56
2019-01-07,4.06,2.75,16.22
2019-01-08,5.99,2.3,16.15
2019-01-09,5.03,4.91,16.01
2019-01-10,7.45,3.42,16.72
2019-01-11,1.64,3.76,18.06
2019-01-12,4.96,3.28,16.66
2019-01-13,3.62,3.79,17.34
2019-01-14,7.68,5.63,16.59
2019-01-15,1.73,4.82,16.84
2019-01-16,1.72,4.87,17.65
2019-01-17,2.25,2.59,18.64
2019-01-18,-0.74,2.85,17.9
2019-01-19,2.52,1.16,17.72
2019-01-20,2.12,3.19,18.03
2019-01-21,4.0,4.96,17.73
2019-01-22,4.46,4.53,18.72
2019-01-23,7.6,3.8,19.08
2019-01-24,5.83,4.0,18.49
2019-01-25,2.86,3.35,18.66
2019-01-26,2.3,4.26,19.18
2019-01-27,5.17,4.84,19.01
2019-01-28,1.63,2.47,19.34
2019-01-29,8.03,4.41,21.4
2019-01-30,6.82,5.07,19.6
2019-01-31,3.63,3.75,19.72
2019-02-01,1.24,4.89,19.78
2019-02-02,7.48,7.04,20.68
2019-02-03,4.66,4.15,20.31
2019-02-04,7.47,4.69,20.29
2019-02-05,1.92,3.59,21.68
2019-02-06,4.03,4.55,21.95
2019-02-07,5.36,4.87,20.83
2019-02-08,5.57,4.65,20.65
2019-02-09,4.7,3.49,22.09
2019-02-10,6.98,4.76,21.31
2019-02-11,3.73,6.07,22.26
2019-02-12,5.72,5.11,21.32
2019-02-13,6.38,5.68,22.68
2019-02-14,7.31,4.54,21.83
2019-02-15,7.85,5.58,22.9
2019-02-16,4.32,5.17,22.64
2019-02-17,3.65,4.01,22.42
2019-02-18,9.42,5.34,22.78
2019-02-19,7.69,4.1,23.54
2019-02-20,5.68,4.53,23.36
2019-02-21,10.44,5.43,23.81
2019-02-22,7.73,-999.0,25.32
2019-02-23,10.02,4.2,23.26
2019-02-24,7.96,6.52,25.21
2019-02-25,12.11,6.12,24.18
2019-02-26,11.67,4.93,23.93
2019-02-27,7.83,4.18,23.97
2019-02-28,10.44,5.66,24.53
2019-03-01,9.97,5.44,25.36
2019-03-02,11.59,6.09,24.87
2019-03-03,7.1,5.71,26.22
2019-03-04,10.58,4.16,24.73
2019-03-05,11.51,5.87,25.4
2019-03-06,6.06,6.05,25.09
2019-03-07,7.39,7.09,25.91
2019-03-08,5.87,5.86,26.42
2019-03-09,9.6,8.33,25.82
2019-03-10,11.76,4.85,25.43
2019-03-11,13.52,8.17,26.41
2019-03-12,10.86,6.75,26.7
2019-03-13,14.16,7.94,26.82
2019-03-14,8.34,7.27,27.59
2019-03-15,7.89,8.44,26.46
2019-03-16,11.38,7.02,27.42
2019-03-17,12.45,6.42,27.97
2019-03-18,11.82,9.06,26.7
2019-03-19,7.95,7.64,27.59
2019-03-20,12.11,8.09,27.33
2019-03-21,9.88,9.22,27.64
2019-03-22,14.03,7.08,28.0
2019-03-23,13.63,8.83,27.72
2019-03-24,11.22,7.76,27.77
2019-03-25,12.27,8.34,28.19
2019-03-26,11.39,8.67,27.88
2019-03-27,13.59,7.22,27.99
2019-03-28,15.83,8.07,28.93
2019-03-29,12.15,10.33,28.2
2019-03-30,15.34,9.99,29.14
2019-03-31,13.47,9.17,29.12
2019-04-01,13.16,9.61,28.38
2019-04-02,14.73,9.2,28.78
2019-04-03,13.08,10.98,29.98
2019-04-04,14.25,9.56,28.88
2019-04-05,13.17,10.12,29.15
2019-04-06,19.7,11.17,29.71
2019-04-07,16.05,9.38,30.02
2019-04-08,14.79,11.85,29.51
2019-04-09,16.82,8.9,29.46
2019-04-10,16.37,12.19,30.84
2019-04-11,16.36,10.32,31.27
2019-04-12,18.23,10.59,30.59
2019-04-13,18.72,9.08,30.08
2019-04-14,16.35,10.65,29.77
2019-04-15,16.46,10.2,29.84
2019-04-16,17.26,10.77,30.54
2019-04-17,13.41,11.38,30.54
2019-04-18,15.18,12.61,31.38
2019-04-19,21.15,12.0,30.81
2019-04-20,21.9,12.24,29.96
2019-04-21,18.31,10.97,31.23
2019-04-22,20.15,11.33,30.19
2019-04-23,19.82,14.14,30.46
2019-04-24,25.55,11.75,30.81
2019-04-25,21.82,14.28,32.43
2019-04-26,19.51,12.51,34.49
2019-04-27,18.05,12.9,31.15
2019-04-28,16.93,14.1,30.74
2019-04-29,20.74,14.44,31.17
2019-04-30,19.0,13.19,31.45
2019-05-01,17.85,13.05,30.76
2019-05-02,19.59,13.52,32.39
2019-05-03,18.9,14.05,31.07
2019-05-04,24.61,14.73,31.25
2019-05-05,23.18,13.98,31.37
2019-05-06,21.57,14.73,31.22
2019-05-07,24.72,15.88,31.52
2019-05-08,22.08,14.76,30.73
2019-05-09,20.37,14.82,30.76
2019-05-10,25.31,13.12,30.57
2019-05-11,23.5,12.13,31.24
2019-05-12,20.51,15.28,31.46
2019-05-13,22.36,14.93,31.23
2019-05-14,21.15,14.63,32.27
2019-05-15,20.29,15.52,30.94
2019-05-16,25.06,15.34,31.32
2019-05-17,27.18,16.65,30.48
2019-05-18,20.71,15.73,30.7
2019-05-19,24.77,15.02,31.26
2019-05-20,22.49,16.88,31.34
2019-05-21,22.95,15.79,30.64
2019-05-22,22.88,16.66,30.71
2019-05-23,22.47,15.77,30.17
2019-05-24,24.43,15.71,30.49
2019-05-25,22.8,16.56,31.17
2019-05-26,25.13,16.6,30.9
2019-05-27,24.61,17.18,30.8
2019-05-28,24.35,16.54,30.48
2019-05-29,23.13,15.09,30.4
2019-05-30,23.91,16.6,30.06
2019-05-31,26.68,17.93,30.69
2019-06-01,26.28,16.94,30.44
2019-06-02,23.43,17.1,30.42
2019-06-03,25.68,18.43,29.84
2019-06-04,27.09,16.83,29.34
2019-06-05,22.34,16.1,30.65
2019-06-06,26.86,17.58,29.63
2019-06-07,24.54,17.35,29.41
2019-06-08,27.09,16.96,30.09
2019-06-09,24.5,17.85,29.41
2019-06-10,22.5,18.6,30.2
2019-06-11,22.93,18.19,29.77
2019-06-12,26.36,18.59,29.72
2019-06-13,26.85,20.18,28.72
2019-06-14,24.59,18.11,29.95
2019-06-15,27.74,18.81,29.15
2019-06-16,23.2,18.1,28.74
2019-06-17,26.44,17.84,28.88
2019-06-18,24.21,18.18,28.11
2019-06-19,25.37,18.36,28.81
2019-06-20,26.82,19.26,28.07
2019-06-21,25.04,21.32,27.86
2019-06-22,26.04,18.32,27.7
2019-06-23,28.85,18.69,28.86
2019-06-24,25.72,19.1,27.72
2019-06-25,28.57,19.62,29.02
2019-06-26,24.67,19.55,27.51
2019-06-27,28.01,20.62,27.04
2019-06-28,29.85,16.97,27.06
2019-06-29,22.03,17.06,28.21
2019-06-30,25.4,19.0,27.15
2019-07-01,28.15,20.64,26.84
2019-07-02,26.59,18.02,27.03
2019-07-03,27.74,16.62,27.09
2019-07-04,25.79,20.24,27.42
2019-07-05,27.16,19.95,27.59
2019-07-06,26.67,18.65,26.22
2019-07-07,29.3,18.79,25.75
2019-07-08,27.46,18.84,25.9
2019-07-09,27.6,19.95,26.08
2019-07-10,26.08,19.24,25.4
2019-07-11,25.9,20.38,25.26
2019-07-12,25.97,17.05,25.67
2019-07-13,27.59,19.07,25.3
2019-07-14,25.92,18.82,25.19
2019-07-15,27.3,19.7,24.7
2019-07-16,30.83,19.44,24.75
2019-07-17,28.37,20.78,24.33
2019-07-18,25.92,18.13,25.1
2019-07-19,28.92,20.04,25.05
2019-07-20,25.64,20.56,23.61
2019-07-21,22.32,21.86,23.68
2019-07-22,24.31,19.52,23.36
2019-07-23,22.52,20.32,23.44
2019-07-24,25.48,18.18,23.51
2019-07-25,26.15,17.59,22.87
2019-07-26,29.38,20.81,22.85
2019-07-27,26.6,19.95,22.66
2019-07-28,25.42,21.12,22.99
2019-07-29,27.43,18.55,22.75
2019-07-30,21.26,20.42,22.24
2019-07-31,26.06,21.74,22.47
2019-08-01,27.03,20.27,21.96
2019-08-02,22.43,20.1,21.9
2019-08-03,27.57,19.8,23.17
2019-08-04,25.85,18.19,22.64
2019-08-05,24.23,21.08,21.04
2019-08-06,26.21,19.08,21.86
2019-08-07,29.37,20.15,21.67
2019-08-08,25.07,18.05,20.56
2019-08-09,25.08,18.39,21.33
2019-08-10,23.54,20.95,21.81
2019-08-11,22.63,19.12,20.05
2019-08-12,25.86,20.87,19.94
2019-08-13,22.35,19.29,20.8
2019-08-14,24.07,17.47,20.11
2019-08-15,22.83,20.15,20.12
2019-08-16,24.61,18.61,19.81
2019-08-17,24.17,19.83,19.67
2019-08-18,25.43,19.1,18.8
2019-08-19,22.19,17.46,19.81
2019-08-20,22.52,19.1,19.74
2019-08-21,20.94,21.07,18.67
2019-08-22,21.86,19.29,18.59
2019-08-23,23.34,18.67,17.91
2019-08-24,23.94,19.72,18.57
2019-08-25,20.42,18.78,18.45
2019-08-26,23.83,18.7,17.92
2019-08-27,24.64,17.32,18.54
2019-08-28,22.58,18.56,17.47
2019-08-29,25.34,19.28,17.79
2019-08-30,19.86,17.32,16.9
2019-08-31,18.75,19.49,17.13
2019-09-01,17.5,17.88,16.9
2019-09-02,23.87,17.0,16.95
2019-09-03,22.01,18.79,16.5
2019-09-04,20.41,17.41,16.45
2019-09-05,20.89,18.36,16.88
2019-09-06,17.9,17.2,16.02
2019-09-07,24.85,17.34,15.51
2019-09-08,20.03,17.79,17.31
2019-09-09,19.8,17.48,16.76
2019-09-10,20.84,15.09,15.14
2019-09-11,20.16,15.86,15.89
2019-09-12,19.45,17.8,15.11
2019-09-13,17.23,16.63,15.33
2019-09-14,19.55,16.12,15.21
2019-09-15,22.18,15.18,14.8
2019-09-16,20.9,15.34,14.46
2019-09-17,21.2,14.28,14.35
2019-09-18,16.79,16.09,14.15
2019-09-19,15.63,15.47,14.04
2019-09-20,17.16,14.98,14.22
2019-09-21,17.32,15.76,13.83
2019-09-22,19.19,16.07,14.41
2019-09-23,13.42,17.68,14.99
2019-09-24,19.66,13.95,13.51
2019-09-25,16.08,16.5,13.77
2019-09-26,15.33,16.19,13.81
2019-09-27,13.96,-999.0,13.68
2019-09-28,12.46,15.16,13.34
2019-09-29,17.21,14.37,13.65
2019-09-30,15.51,14.89,13.36
2019-10-01,12.58,16.08,12.52
2019-10-02,12.36,15.04,13.43
2019-10-03,14.07,14.82,13.34
2019-10-04,17.87,13.75,12.37
2019-10-05,13.81,12.56,12.61
2019-10-06,11.12,13.7,12.91
2019-10-07,13.43,14.98,12.31
2019-10-08,13.17,12.11,13.04
2019-10-09,8.11,12.45,14.5
2019-10-10,13.19,13.5,11.83
2019-10-11,12.64,12.25,11.58
2019-10-12,14.29,12.31,12.17
2019-10-13,16.39,12.54,12.36
2019-10-14,14.74,11.46,11.75
2019-10-15,11.75,11.71,12.86
2019-10-16,9.87,13.25,11.24
2019-10-17,17.03,11.11,12.08
2019-10-18,11.81,-999.0,11.34
2019-10-19,11.52,11.51,12.91
2019-10-20,11.24,12.73,13.2
2019-10-21,11.49,11.67,11.12
2019-10-22,10.61,11.26,11.15
2019-10-23,9.56,11.63,11.88
2019-10-24,9.42,9.7,11.12
2019-10-25,10.26,11.81,11.24
2019-10-26,9.05,11.56,11.23
2019-10-27,8.52,10.63,10.57
2019-10-28,9.97,11.91,11.15
2019-10-29,9.07,9.64,10.83
2019-10-30,12.4,11.76,10.88
2019-10-31,3.91,10.65,12.14
2019-11-01,11.21,10.02,10.59
2019-11-02,11.34,10.2,11.54
2019-11-03,4.53,9.98,10.9
2019-11-04,7.82,11.18,10.89
2019-11-05,7.58,8.75,11.49
2019-11-06,5.34,8.93,11.19
2019-11-07,6.43,10.6,11.33
2019-11-08,5.6,8.83,11.62
2019-11-09,11.16,10.2,10.85
2019-11-10,9.37,10.87,10.75
2019-11-11,9.88,8.64,10.6
2019-11-12,8.62,9.6,10.7
2019-11-13,4.76,7.63,14.42
2019-11-14,5.82,9.42,11.93
2019-11-15,7.7,8.74,10.6
2019-11-16,4.13,8.89,10.63
2019-11-17,7.85,7.65,11.41
2019-11-18,5.8,6.51,11.49
2019-11-19,5.39,8.55,11.52
2019-11-20,7.42,5.87,11.12
2019-11-21,6.76,7.5,11.22
2019-11-22,5.01,8.64,11.5
2019-11-23,7.92,7.77,11.41
2019-11-24,3.32,9.41,10.74
2019-11-25,6.58,8.38,11.35
2019-11-26,6.42,6.59,11.17
2019-11-27,4.49,7.16,11.66
2019-11-28,5.65,6.98,15.08
2019-11-29,2.38,5.33,11.89
2019-11-30,6.62,5.87,11.61
2019-12-01,4.3,6.15,12.41
2019-12-02,3.52,4.57,12.17
2019-12-03,6.56,6.55,12.2
2019-12-04,2.96,6.16,12.4
2019-12-05,1.46,4.63,13.92
2019-12-06,1.07,6.62,11.77
2019-12-07,5.31,6.83,12.55
2019-12-08,1.45,6.25,12.0
2019-12-09,7.44,5.61,12.78
2019-12-10,-0.31,6.44,12.18
2019-12-11,7.17,6.44,12.45
2019-12-12,4.13,5.98,12.6
2019-12-13,3.44,4.76,13.46
2019-12-14,2.48,5.78,13.52
2019-12-15,4.31,6.62,12.57
2019-12-16,3.38,4.75,13.17
2019-12-17,5.6,7.37,12.95
2019-12-18,3.58,4.68,12.89
2019-12-19,3.6,5.16,13.37
2019-12-20,2.53,4.39,13.44
2019-12-21,3.1,5.22,16.07
2019-12-22,3.79,3.19,14.06
2019-12-23,-0.28,4.32,13.45
2019-12-24,0.42,3.71,13.82
2019-12-25,4.57,4.88,14.86
2019-12-26,3.41,5.68,16.16
2019-12-27,2.68,5.28,13.9
2019-12-28,3.07,2.21,13.97
2019-12-29,3.71,6.57,16.26
2019-12-30,1.93,4.78,15.06
2019-12-31,1.45,3.66,14.63
2020-01-01,3.39,4.55,15.43
2020-01-02,1.05,4.53,14.53
2020-01-03,3.82,3.64,15.41
2020-01-04,-0.39,4.47,15.73
2020-01-05,5.09,3.63,16.28
2020-01-06,3.99,3.8,15.44
2020-01-07,3.58,3.49,16.03
2020-01-08,5.05,2.72,15.77
2020-01-09,6.44,4.27,16.42
2020-01-10,5.17,4.69,16.08
2020-01-11,-0.5,4.6,16.41
2020-01-12,0.66,4.88,16.36
2020-01-13,2.01,4.37,17.29
2020-01-14,3.35,3.5,17.6
2020-01-15,4.38,4.86,17.11
2020-01-16,1.95,2.65,17.4
2020-01-17,3.83,3.11,17.03
2020-01-18,2.0,-999.0,17.57
2020-01-19,2.35,5.08,17.84
2020-01-20,0.82,4.94,20.74
2020-01-21,1.86,4.49,17.77
2020-01-22,1.07,5.08,19.44
2020-01-23,1.9,3.14,19.18
2020-01-24,6.04,4.38,18.85
2020-01-25,2.11,3.91,20.27
2020-01-26,9.36,4.9,19.24
2020-01-27,5.17,3.96,19.42
2020-01-28,4.64,3.71,19.35
2020-01-29,2.65,4.65,20.39
2020-01-30,5.87,5.01,20.44
2020-01-31,3.41,3.49,19.61
2020-02-01,4.91,4.13,19.57
2020-02-02,9.9,3.16,20.13
2020-02-03,4.69,1.76,20.07
2020-02-04,7.3,4.49,20.54
2020-02-05,3.71,4.94,21.6
2020-02-06,5.16,4.63,20.71
2020-02-07,8.89,2.46,21.06
2020-02-08,4.22,4.11,21.29
2020-02-09,9.23,2.29,21.96
2020-02-10,7.15,5.92,20.93
2020-02-11,4.74,3.52,21.51
2020-02-12,7.27,5.91,22.06
2020-02-13,8.09,5.66,22.94
2020-02-14,7.52,3.87,22.07
2020-02-15,3.28,3.7,21.85
2020-02-16,5.12,5.25,22.99
2020-02-17,6.22,4.12,22.53
2020-02-18,6.72,5.13,22.52
2020-02-19,8.26,4.61,22.87
2020-02-20,7.53,3.38,23.21
2020-02-21,4.66,3.01,23.21
2020-02-22,8.26,5.54,22.97
2020-02-23,8.88,4.83,24.37
2020-02-24,8.94,4.91,24.86
2020-02-25,10.15,6.24,24.52
2020-02-26,9.82,6.8,23.86
2020-02-27,9.25,5.44,24.36
2020-02-28,8.36,5.46,24.61
2020-02-29,5.35,6.39,25.13
2020-03-01,9.71,4.62,25.33
2020-03-02,9.45,6.29,24.79
2020-03-03,9.75,6.72,25.29
2020-03-04,6.84,6.94,25.66
2020-03-05,7.41,4.42,26.63
2020-03-06,11.87,5.69,26.13
2020-03-07,9.87,5.68,26.35
2020-03-08,11.5,6.76,26.06
2020-03-09,10.38,7.24,27.18
2020-03-10,10.57,8.36,26.53
2020-03-11,12.58,6.47,26.1
2020-03-12,9.87,6.58,27.61
2020-03-13,11.29,8.34,27.16
2020-03-14,10.37,7.59,26.68
2020-03-15,10.62,8.68,26.8
2020-03-16,11.07,7.81,27.31
2020-03-17,12.33,6.48,27.55
2020-03-18,11.13,6.42,27.52
2020-03-19,14.8,6.32,27.72
2020-03-20,10.7,8.65,29.02
2020-03-21,12.32,9.3,28.52
2020-03-22,12.01,-999.0,28.03
2020-03-23,15.99,9.2,28.66
2020-03-24,13.69,9.64,27.77
2020-03-25,15.57,8.02,28.52
2020-03-26,10.74,7.57,29.88
2020-03-27,14.45,9.7,28.42
2020-03-28,15.9,9.4,28.29
2020-03-29,14.49,9.21,28.47
2020-03-30,16.67,9.62,28.44
2020-03-31,13.71,9.69,28.64
2020-04-01,17.77,10.78,28.9
2020-04-02,19.75,10.92,28.66
2020-04-03,14.64,10.3,29.27
2020-04-04,14.68,10.74,29.93
2020-04-05,18.68,10.54,29.09
2020-04-06,19.14,9.7,30.68
2020-04-07,15.14,11.05,29.92
2020-04-08,15.55,9.03,30.39
2020-04-09,16.03,11.62,29.52
2020-04-10,14.11,9.5,30.41
2020-04-11,15.17,11.12,29.54
2020-04-12,15.2,10.12,30.59
2020-04-13,15.88,11.66,30.2
2020-04-14,17.54,11.21,30.49
2020-04-15,18.28,9.79,29.8
2020-04-16,21.12,11.94,29.95
2020-04-17,16.22,11.08,30.72
2020-04-18,20.38,12.67,30.05
2020-04-19,18.18,11.93,30.74
2020-04-20,18.71,12.46,30.04
2020-04-21,20.35,11.25,31.12
2020-04-22,16.95,11.75,30.17
2020-04-23,20.15,12.02,31.0
2020-04-24,19.91,13.48,31.09
2020-04-25,20.76,14.43,30.47
2020-04-26,20.54,12.09,31.13
2020-04-27,25.06,14.11,30.97
2020-04-28,19.06,11.0,30.62
2020-04-29,19.45,12.11,30.49
2020-04-30,19.45,-999.0,30.29
2020-05-01,19.77,12.22,31.12
2020-05-02,19.78,12.12,30.41
2020-05-03,23.61,14.26,31.02
2020-05-04,24.25,13.76,30.86
2020-05-05,20.44,14.49,31.39
2020-05-06,20.09,-999.0,30.86
2020-05-07,22.87,14.64,30.85
2020-05-08,20.99,15.16,31.44
2020-05-09,23.53,14.57,31.18
2020-05-10,22.83,13.58,31.16
2020-05-11,19.55,15.95,31.25
2020-05-12,25.84,14.43,30.44
2020-05-13,26.49,14.21,31.42
2020-05-14,21.83,15.1,31.3
2020-05-15,22.43,14.49,30.52
2020-05-16,23.93,15.11,30.78
2020-05-17,24.17,15.99,30.85
2020-05-18,24.97,16.12,30.78
2020-05-19,27.81,14.99,30.99
2020-05-20,23.58,15.52,31.82
2020-05-21,22.47,17.2,31.46
2020-05-22,21.44,16.74,30.22
2020-05-23,22.87,18.44,31.02
2020-05-24,24.39,17.66,31.55
2020-05-25,28.17,17.73,30.78
2020-05-26,23.67,15.31,31.24
2020-05-27,25.28,17.58,32.19
2020-05-28,24.91,16.87,31.07
2020-05-29,27.44,16.48,30.47
2020-05-30,30.22,17.3,30.96
2020-05-31,24.22,18.19,30.28
2020-06-01,24.4,17.85,30.15
2020-06-02,27.57,16.57,29.91
2020-06-03,26.95,18.29,31.18
2020-06-04,29.37,17.01,29.58
2020-06-05,26.94,17.96,30.99
2020-06-06,25.14,17.53,30.04
2020-06-07,27.13,17.71,29.17
2020-06-08,28.25,18.79,29.79
2020-06-09,27.75,17.07,28.85
2020-06-10,27.2,20.14,29.77
2020-06-11,28.39,16.46,29.87
2020-06-12,28.67,17.77,28.96
2020-06-13,29.16,18.82,29.18
2020-06-14,27.76,19.12,30.67
2020-06-15,26.18,18.51,28.69
2020-06-16,26.87,18.63,28.39
2020-06-17,29.04,19.17,29.79
2020-06-18,25.04,18.6,30.25
2020-06-19,27.46,20.3,28.47
2020-06-20,25.98,19.81,29.01
2020-06-21,26.86,19.91,29.19
2020-06-22,29.4,18.14,27.81
2020-06-23,27.25,19.09,27.78
2020-06-24,26.99,18.93,28.72
2020-06-25,24.21,18.28,29.07
2020-06-26,28.44,19.7,27.94
2020-06-27,28.25,18.86,27.13
2020-06-28,31.3,20.1,29.06
2020-06-29,26.37,18.42,26.99
2020-06-30,27.43,21.26,26.93
2020-07-01,27.5,18.69,27.13
2020-07-02,30.15,19.85,27.98
2020-07-03,26.81,20.46,27.2
2020-07-04,27.55,19.14,26.75
2020-07-05,28.19,20.6,26.64
2020-07-06,27.34,18.55,26.26
2020-07-07,26.05,21.26,26.41
2020-07-08,27.31,19.85,25.22
2020-07-09,29.05,19.27,25.65
2020-07-10,24.82,19.59,25.76
2020-07-11,27.11,20.72,25.04
2020-07-12,25.4,19.34,25.54
2020-07-13,29.16,19.2,25.07
2020-07-14,23.68,19.74,26.42
2020-07-15,25.56,18.8,26.05
2020-07-16,27.38,21.8,24.49
2020-07-17,29.71,19.42,24.46
2020-07-18,26.39,20.83,24.34
2020-07-19,25.35,20.21,24.01
2020-07-20,30.16,19.02,24.15
2020-07-21,23.43,19.99,23.57
2020-07-22,21.86,20.78,23.29
2020-07-23,27.07,19.8,23.92
2020-07-24,25.11,-999.0,23.76
2020-07-25,23.99,20.99,22.89
2020-07-26,27.37,20.87,23.62
2020-07-27,26.35,19.48,22.61
2020-07-28,24.64,18.84,22.85
2020-07-29,23.12,19.29,23.05
2020-07-30,27.33,20.07,22.36
2020-07-31,26.79,20.4,22.46
2020-08-01,25.19,17.65,21.8
2020-08-02,28.97,19.78,21.77
2020-08-03,23.03,19.92,21.59
2020-08-04,22.01,19.45,21.2
2020-08-05,23.56,20.98,21.26
2020-08-06,24.74,20.07,20.63
2020-08-07,25.19,20.92,20.78
2020-08-08,24.1,19.35,20.7
2020-08-09,25.16,20.46,20.54
2020-08-10,21.83,21.11,20.37
2020-08-11,27.09,20.73,20.28
2020-08-12,23.9,18.28,20.41
2020-08-13,26.16,19.06,20.52
2020-08-14,24.48,18.91,19.52
2020-08-15,24.56,19.69,19.18
2020-08-16,24.64,19.82,19.05
2020-08-17,24.25,18.23,19.07
2020-08-18,24.49,19.07,18.96
2020-08-19,25.71,16.92,18.63
2020-08-20,23.29,20.31,18.3
2020-08-21,24.16,18.29,18.41
2020-08-22,22.41,18.78,18.54
2020-08-23,25.3,18.34,18.63
2020-08-24,20.91,19.72,17.87
2020-08-25,25.7,15.65,17.76
2020-08-26,21.85,18.39,17.42
2020-08-27,18.9,18.22,17.61
2020-08-28,21.84,17.79,17.12
2020-08-29,20.05,19.88,17.63
2020-08-30,22.92,17.18,16.55
2020-08-31,19.75,18.75,16.82
2020-09-01,19.99,18.24,16.99
2020-09-02,16.92,19.05,16.77
2020-09-03,19.61,17.03,19.36
2020-09-04,15.48,16.86,16.56
2020-09-05,16.98,18.59,15.82
2020-09-06,21.48,17.82,16.02
2020-09-07,21.34,15.75,15.32
2020-09-08,20.43,16.65,15.73
2020-09-09,17.45,17.47,15.28
2020-09-10,19.1,17.81,16.06
2020-09-11,18.99,16.19,15.09
2020-09-12,16.49,13.84,15.14
2020-09-13,21.62,17.17,14.78
2020-09-14,20.17,15.31,16.3
2020-09-15,17.77,14.4,14.63
2020-09-16,18.07,13.47,16.15
2020-09-17,18.23,17.0,15.02
2020-09-18,13.53,16.2,14.66
2020-09-19,16.92,15.72,14.46
2020-09-20,15.84,17.22,14.35
2020-09-21,15.0,16.35,13.39
2020-09-22,16.24,17.2,13.75
2020-09-23,20.19,14.07,14.29
2020-09-24,17.67,15.3,13.62
2020-09-25,15.04,13.6,13.03
2020-09-26,17.13,14.86,13.39
2020-09-27,18.57,14.71,14.65
2020-09-28,17.42,15.46,14.06
2020-09-29,15.48,14.75,13.06
2020-09-30,13.86,15.19,13.6
2020-10-01,16.34,15.14,12.72
2020-10-02,15.53,16.46,12.21
2020-10-03,16.33,13.86,12.32
2020-10-04,15.6,13.1,13.78
2020-10-05,16.22,14.16,12.37
2020-10-06,12.85,12.97,12.3
2020-10-07,16.35,15.12,12.19
2020-10-08,13.9,13.22,13.83
2020-10-09,17.45,12.8,13.41
2020-10-10,11.72,12.76,14.11
2020-10-11,16.37,13.82,11.93
2020-10-12,13.09,12.8,12.09
2020-10-13,11.19,12.18,11.33
2020-10-14,11.32,14.35,12.88
2020-10-15,11.45,11.69,11.28
2020-10-16,12.73,12.45,11.78
2020-10-17,12.73,12.93,11.18
2020-10-18,10.34,10.51,11.29
2020-10-19,11.24,12.48,11.15
2020-10-20,15.38,10.81,11.18
2020-10-21,14.36,12.55,11.15
2020-10-22,11.58,10.62,11.1
2020-10-23,10.59,12.14,11.82
2020-10-24,10.56,12.42,10.83
2020-10-25,11.36,-999.0,11.34
2020-10-26,7.9,11.29,12.03
2020-10-27,9.25,10.67,10.93
2020-10-28,6.24,10.19,10.82
2020-10-29,10.19,12.1,10.99
2020-10-30,10.5,9.79,11.88
2020-10-31,8.06,9.32,11.16
2020-11-01,12.0,10.89,10.81
2020-11-02,6.22,9.29,11.3
2020-11-03,5.57,9.01,10.59
2020-11-04,8.78,8.38,11.41
2020-11-05,10.25,9.21,11.23
2020-11-06,11.36,9.48,10.86
2020-11-07,6.9,9.67,10.66
2020-11-08,9.81,10.25,10.65
2020-11-09,7.42,9.7,11.32
2020-11-10,6.99,8.85,11.87
2020-11-11,8.94,8.72,10.76
2020-11-12,8.33,9.3,11.31
2020-11-13,3.72,9.94,10.42
2020-11-14,9.67,8.66,10.84
2020-11-15,9.33,7.95,11.1
2020-11-16,5.17,7.3,10.78
2020-11-17,7.07,6.72,10.8
2020-11-18,7.13,8.72,10.92
2020-11-19,6.52,8.51,11.4
2020-11-20,4.77,8.39,11.19
2020-11-21,4.39,7.57,10.65
2020-11-22,5.55,8.99,10.71
2020-11-23,7.82,6.98,11.15
2020-11-24,6.44,8.31,11.72
2020-11-25,4.49,7.2,10.77
2020-11-26,6.66,6.52,11.35
2020-11-27,-0.7,7.62,11.4
2020-11-28,7.18,7.33,12.69
2020-11-29,1.3,7.17,11.58
2020-11-30,3.94,6.79,12.04
2020-12-01,2.33,6.57,11.97
2020-12-02,1.88,8.89,11.31
2020-12-03,6.69,7.59,12.51
2020-12-04,3.34,7.03,12.23
2020-12-05,4.87,6.32,12.49
2020-12-06,4.0,7.12,18.4
2020-12-07,4.96,6.54,11.72
2020-12-08,4.08,5.96,13.83
2020-12-09,1.28,5.54,12.41
2020-12-10,5.77,5.68,12.8
2020-12-11,2.72,2.5,12.71
2020-12-12,0.52,5.8,12.64
2020-12-13,2.72,5.02,12.69
2020-12-14,6.51,7.02,13.22
2020-12-15,5.15,5.37,12.61
2020-12-16,2.7,4.09,13.71
2020-12-17,2.65,5.15,13.17
2020-12-18,2.66,4.08,13.04
2020-12-19,7.41,5.53,13.39
2020-12-20,3.98,5.28,14.58
2020-12-21,4.04,5.89,13.59
2020-12-22,5.2,4.07,14.14
2020-12-23,3.59,4.84,13.76
2020-12-24,2.57,3.38,14.65
2020-12-25,2.67,5.39,14.73
2020-12-26,2.9,5.15,15.97
2020-12-27,2.95,5.08,14.5
2020-12-28,4.47,4.53,15.11
2020-12-29,3.11,4.9,14.9
2020-12-30,4.47,6.04,15.9
2020-12-31,2.84,4.11,14.82
2021-01-01,3.16,4.53,15.57
2021-01-02,-0.99,3.26,15.17
2021-01-03,4.84,3.44,15.37
2021-01-04,3.71,4.37,15.59
2021-01-05,5.02,5.34,15.83
2021-01-06,-2.75,3.95,15.78
2021-01-07,7.24,3.94,16.1
2021-01-08,2.81,3.74,17.34
2021-01-09,5.33,3.59,16.93
2021-01-10,1.06,4.4,16.99
2021-01-11,4.4,2.58,16.39
2021-01-12,1.11,5.34,16.39
2021-01-13,2.01,3.38,17.52
2021-01-14,7.13,4.75,17.61
2021-01-15,2.97,2.75,18.31
2021-01-16,3.83,4.68,17.12
2021-01-17,5.19,4.68,17.44
2021-01-18,4.5,4.39,17.15
2021-01-19,3.87,3.01,17.69
2021-01-20,4.37,4.25,18.68
2021-01-21,8.51,2.82,17.99
2021-01-22,3.66,3.76,18.74
2021-01-23,4.25,5.05,18.44
2021-01-24,6.03,4.82,18.87
2021-01-25,6.22,4.05,18.43
2021-01-26,6.47,3.08,19.08
2021-01-27,5.46,4.72,18.43
2021-01-28,1.99,4.11,19.28
2021-01-29,7.63,1.79,18.98
2021-01-30,2.17,4.92,20.54
2021-01-31,5.17,4.14,20.36
2021-02-01,3.16,5.39,20.32
2021-02-02,4.65,3.13,21.37
2021-02-03,5.54,1.08,20.02
2021-02-04,5.64,4.57,21.97
2021-02-05,5.96,4.62,21.34
2021-02-06,8.46,2.68,20.8
2021-02-07,6.26,3.43,21.85
2021-02-08,4.99,7.21,20.83
2021-02-09,7.53,4.2,21.09
2021-02-10,8.11,5.29,21.34
2021-02-11,3.41,3.96,21.54
2021-02-12,7.2,2.57,21.53
2021-02-13,7.54,4.54,22.96
2021-02-14,5.69,4.51,22.17
2021-02-15,9.18,4.43,22.65
2021-02-16,6.27,4.78,22.38
2021-02-17,6.97,5.22,22.2
2021-02-18,6.52,4.88,23.11
2021-02-19,7.05,3.83,22.52
2021-02-20,4.98,5.65,23.27
2021-02-21,4.45,3.29,22.97
2021-02-22,10.68,-999.0,25.34
2021-02-23,5.96,6.13,24.38
2021-02-24,5.84,5.97,24.02
2021-02-25,3.68,5.49,25.01
2021-02-26,6.88,-999.0,23.95
2021-02-27,5.68,5.01,24.77
2021-02-28,11.78,5.54,24.72
2021-03-01,10.69,4.29,24.92
2021-03-02,7.48,5.24,25.83
2021-03-03,13.53,6.72,25.54
2021-03-04,11.17,7.59,25.41
2021-03-05,8.74,5.84,24.84
2021-03-06,4.58,7.11,25.18
2021-03-07,14.34,4.54,25.65
2021-03-08,7.17,7.21,25.91
2021-03-09,6.84,5.85,25.58
2021-03-10,12.37,7.07,28.5
2021-03-11,15.39,6.62,27.44
2021-03-12,13.48,-999.0,26.8
2021-03-13,12.03,6.2,26.63
2021-03-14,12.29,7.81,26.64
2021-03-15,13.0,7.02,26.5
2021-03-16,13.01,7.25,27.06
2021-03-17,12.25,7.34,27.29
2021-03-18,12.09,6.79,26.83
2021-03-19,11.96,7.74,27.6
2021-03-20,10.78,7.81,27.48
2021-03-21,11.93,8.23,27.07
2021-03-22,9.3,8.19,27.46
2021-03-23,12.7,9.03,27.75
2021-03-24,11.12,9.28,29.63
2021-03-25,11.09,7.43,28.5
2021-03-26,13.87,9.47,27.81
2021-03-27,16.5,7.54,28.69
2021-03-28,15.75,9.44,27.99
2021-03-29,10.98,9.6,29.36
2021-03-30,12.35,-999.0,28.54
2021-03-31,16.42,9.33,28.81
2021-04-01,12.78,8.9,29.9
2021-04-02,14.5,8.74,28.59
2021-04-03,16.26,10.98,28.66
2021-04-04,13.42,9.1,29.01
2021-04-05,15.78,9.08,30.04
2021-04-06,13.11,10.1,28.92
2021-04-07,14.78,10.84,28.79
2021-04-08,16.83,10.15,29.43
2021-04-09,13.21,11.59,30.03
2021-04-10,17.48,11.09,30.62
2021-04-11,16.76,8.52,29.67
2021-04-12,18.11,-999.0,29.77
2021-04-13,17.66,10.41,30.81
2021-04-14,20.14,11.59,29.5
2021-04-15,17.86,8.62,30.0
2021-04-16,16.96,13.93,30.34
2021-04-17,18.26,12.05,30.56
2021-04-18,19.3,11.8,30.14
2021-04-19,18.51,12.98,30.44
2021-04-20,18.69,14.27,29.77
2021-04-21,17.4,12.94,30.26
2021-04-22,17.68,13.16,30.84
2021-04-23,16.39,12.47,30.25
2021-04-24,22.89,12.34,30.71
2021-04-25,17.09,12.14,30.97
2021-04-26,18.38,11.93,30.6
2021-04-27,18.52,12.21,30.89
2021-04-28,21.94,11.68,30.45
2021-04-29,19.74,13.09,30.76
2021-04-30,23.01,11.62,31.24
2021-05-01,19.35,13.63,30.99
2021-05-02,21.44,13.54,30.68
2021-05-03,19.39,13.86,31.07
2021-05-04,25.53,13.32,31.4
2021-05-05,19.04,17.05,30.34
2021-05-06,22.21,15.47,31.77
2021-05-07,23.03,13.0,30.84
2021-05-08,22.76,14.61,31.24
2021-05-09,21.72,13.9,31.82
2021-05-10,22.0,13.62,30.5
2021-05-11,22.51,13.42,30.69
2021-05-12,22.29,15.33,30.85
2021-05-13,24.67,14.34,30.65
2021-05-14,27.32,16.12,32.34
2021-05-15,21.94,16.27,30.59
2021-05-16,20.47,16.77,30.68
2021-05-17,23.18,14.67,31.01
2021-05-18,28.66,16.12,30.42
2021-05-19,22.04,16.4,30.67
2021-05-20,27.07,15.42,30.99
2021-05-21,27.28,15.24,30.63
2021-05-22,22.96,17.74,30.7
2021-05-23,25.34,16.47,30.47
2021-05-24,27.59,17.0,30.13
2021-05-25,23.7,15.65,30.79
2021-05-26,24.18,15.37,31.97
2021-05-27,23.54,16.13,30.52
2021-05-28,22.8,16.69,30.58
2021-05-29,23.65,15.86,30.81
2021-05-30,22.61,17.02,29.87
2021-05-31,25.24,15.45,31.62
2021-06-01,23.74,16.12,30.32
2021-06-02,25.85,18.02,31.4
2021-06-03,22.37,18.05,29.76
2021-06-04,26.25,17.15,31.48
2021-06-05,27.35,16.63,30.39
2021-06-06,21.79,16.71,30.16
2021-06-07,26.61,17.46,29.88
2021-06-08,28.4,18.57,29.56
2021-06-09,23.61,18.95,30.41
2021-06-10,29.46,17.61,29.57
2021-06-11,27.03,17.05,28.78
2021-06-12,24.85,18.55,28.88
2021-06-13,26.22,17.55,29.13
2021-06-14,27.51,17.93,29.28
2021-06-15,26.61,19.86,28.99
2021-06-16,27.6,19.44,29.75
2021-06-17,24.73,18.85,28.18
2021-06-18,26.97,17.49,28.77
2021-06-19,23.85,19.05,27.99
2021-06-20,26.5,19.97,28.93
2021-06-21,24.96,18.6,28.31
2021-06-22,25.33,20.39,28.47
2021-06-23,29.31,20.4,27.77
2021-06-24,29.05,20.83,28.89
2021-06-25,28.12,19.53,28.55
2021-06-26,24.74,19.87,28.08
2021-06-27,26.31,20.75,27.55
2021-06-28,29.39,-999.0,27.82
2021-06-29,27.26,18.94,27.06
2021-06-30,31.63,19.05,27.75
2021-07-01,27.78,19.78,28.37
2021-07-02,27.38,18.3,27.66
2021-07-03,26.38,19.49,26.5
2021-07-04,27.26,20.77,26.87
2021-07-05,26.68,17.52,26.05
2021-07-06,28.39,21.28,26.71
2021-07-07,28.88,20.9,26.49
2021-07-08,25.37,19.35,25.48
2021-07-09,24.26,20.38,25.5
2021-07-10,23.23,19.87,25.66
2021-07-11,27.89,21.12,25.5
2021-07-12,24.63,20.89,25.03
2021-07-13,22.5,18.53,25.54
2021-07-14,27.54,20.53,25.31
2021-07-15,31.71,19.76,24.92
2021-07-16,26.67,20.06,24.54
2021-07-17,28.31,19.26,25.39
2021-07-18,26.74,21.74,25.82
2021-07-19,26.32,21.04,24.16
2021-07-20,28.3,19.26,23.95
2021-07-21,25.82,18.67,24.33
2021-07-22,26.87,19.61,23.72
2021-07-23,26.9,20.43,23.65
2021-07-24,24.85,20.23,24.0
2021-07-25,28.1,21.23,22.77
2021-07-26,25.68,20.76,24.15
2021-07-27,24.44,20.92,23.09
2021-07-28,26.94,20.26,22.7
2021-07-29,23.98,18.53,22.67
2021-07-30,25.74,19.7,22.52
2021-07-31,25.57,20.94,21.79
2021-08-01,27.66,19.8,23.31
2021-08-02,26.33,20.33,22.05
2021-08-03,25.23,19.47,22.11
2021-08-04,26.81,18.73,22.3
2021-08-05,27.84,19.6,21.12
2021-08-06,26.06,-999.0,21.61
2021-08-07,24.85,18.99,21.05
2021-08-08,22.08,19.37,21.53
2021-08-09,22.46,18.63,20.17
2021-08-10,23.85,20.64,20.61
2021-08-11,23.11,19.18,20.22
2021-08-12,23.83,20.87,20.55
2021-08-13,24.18,20.9,20.41
2021-08-14,24.99,19.23,19.67
2021-08-15,23.65,18.25,19.5
2021-08-16,24.62,17.11,19.57
2021-08-17,23.63,17.66,19.1
2021-08-18,19.41,17.7,19.81
2021-08-19,21.33,20.39,18.95
2021-08-20,22.77,19.06,18.18
2021-08-21,20.48,19.26,18.61
2021-08-22,23.94,16.58,18.21
2021-08-23,25.65,17.53,17.89
2021-08-24,24.86,19.54,17.82
2021-08-25,21.83,18.86,18.17
2021-08-26,25.08,18.35,18.89
2021-08-27,22.22,18.98,17.96
2021-08-28,21.08,19.96,17.36
2021-08-29,20.36,18.02,17.72
2021-08-30,20.81,18.22,17.1
2021-08-31,20.46,18.26,16.85
2021-09-01,21.4,20.37,16.55
2021-09-02,21.2,15.78,16.24
2021-09-03,20.71,18.47,16.5
2021-09-04,21.39,17.58,16.6
2021-09-05,22.71,18.16,16.32
2021-09-06,22.05,16.84,16.02
2021-09-07,16.99,17.35,15.69
2021-09-08,14.66,18.0,16.27
2021-09-09,21.45,20.3,15.28
2021-09-10,16.65,17.89,16.09
2021-09-11,18.75,16.13,15.08
2021-09-12,16.66,16.44,15.02
2021-09-13,15.2,16.3,14.67
2021-09-14,19.69,14.85,14.83
2021-09-15,19.93,16.2,15.54
2021-09-16,17.06,17.15,15.07
2021-09-17,12.83,15.03,15.28
2021-09-18,16.72,17.24,14.81
2021-09-19,18.4,16.56,13.96
2021-09-20,14.45,15.22,14.1
2021-09-21,17.57,15.69,13.81
2021-09-22,16.97,17.31,14.95
2021-09-23,17.96,16.32,13.43
2021-09-24,16.84,15.47,14.33
2021-09-25,14.45,15.1,14.21
2021-09-26,18.58,15.29,15.03
2021-09-27,15.66,14.57,13.23
2021-09-28,15.72,12.85,13.73
2021-09-29,13.7,16.87,15.33
2021-09-30,14.47,14.86,12.82
2021-10-01,13.39,14.97,12.45
2021-10-02,14.6,14.38,12.28
2021-10-03,18.17,13.57,13.21
2021-10-04,11.79,13.99,12.08
2021-10-05,11.1,12.44,12.42
2021-10-06,17.07,16.19,12.75
2021-10-07,13.5,12.54,12.51
2021-10-08,12.37,12.61,12.56
2021-10-09,15.59,13.07,12.36
2021-10-10,12.09,14.66,13.05
2021-10-11,16.75,13.25,11.7
2021-10-12,14.25,11.86,11.72
2021-10-13,11.71,14.22,11.61
2021-10-14,16.8,13.56,12.37
2021-10-15,11.08,13.23,12.36
2021-10-16,13.57,13.27,11.98
2021-10-17,12.48,14.81,12.47
2021-10-18,14.29,14.46,11.16
2021-10-19,14.61,11.45,12.85
2021-10-20,11.36,13.62,12.63
2021-10-21,9.59,12.25,11.88
2021-10-22,11.82,12.22,12.83
2021-10-23,9.35,9.89,10.78
2021-10-24,14.54,11.28,11.07
2021-10-25,10.6,10.5,10.95
2021-10-26,9.4,12.0,11.66
2021-10-27,10.32,12.11,10.78
2021-10-28,7.07,8.83,11.62
2021-10-29,7.63,10.74,12.11
2021-10-30,11.79,11.75,11.52
2021-10-31,7.9,10.31,11.23
2021-11-01,6.94,11.09,10.67
2021-11-02,9.92,10.58,10.7
2021-11-03,11.05,10.43,11.89
2021-11-04,9.94,9.69,11.49
2021-11-05,10.32,8.61,10.99
2021-11-06,6.64,8.57,10.81
2021-11-07,5.14,10.27,10.36
2021-11-08,10.82,9.45,10.59
2021-11-09,7.01,9.16,12.61
2021-11-10,6.99,8.75,10.54
2021-11-11,9.99,8.74,11.12
2021-11-12,8.29,9.96,11.69
2021-11-13,7.93,8.45,10.58
2021-11-14,11.2,7.32,11.16
2021-11-15,5.43,9.28,11.69
2021-11-16,8.43,8.21,11.12
2021-11-17,6.54,8.32,14.34
2021-11-18,6.82,9.78,10.6
2021-11-19,9.2,8.03,11.9
2021-11-20,7.02,8.22,11.16
2021-11-21,6.94,6.63,11.75
2021-11-22,7.88,7.48,11.57
2021-11-23,4.87,8.19,11.06
2021-11-24,3.8,5.91,11.53
2021-11-25,3.26,7.55,10.86
2021-11-26,1.3,7.34,11.87
2021-11-27,9.23,7.17,11.73
2021-11-28,2.79,8.06,12.01
2021-11-29,4.44,7.25,12.39
2021-11-30,4.22,8.29,11.96
2021-12-01,5.28,5.71,11.9
2021-12-02,6.2,6.74,11.54
2021-12-03,6.19,6.59,11.67
2021-12-04,3.2,5.34,12.85
2021-12-05,3.94,7.26,13.17
2021-12-06,4.75,8.54,12.09
2021-12-07,3.6,6.1,12.31
2021-12-08,7.22,6.53,12.0
2021-12-09,4.91,6.02,13.25
2021-12-10,5.32,5.13,12.94
2021-12-11,5.1,3.94,14.28
2021-12-12,6.05,4.97,12.38
2021-12-13,4.0,4.2,12.66
2021-12-14,0.98,7.21,13.06
2021-12-15,4.31,5.31,13.42
2021-12-16,2.15,5.0,13.04
2021-12-17,2.34,6.16,12.9
2021-12-18,4.52,4.08,13.91
2021-12-19,5.78,4.36,13.91
2021-12-20,3.3,5.13,13.22
2021-12-21,3.83,6.02,14.67
2021-12-22,6.58,5.43,14.62
2021-12-23,3.63,5.11,14.01
2021-12-24,8.32,4.88,14.11
2021-12-25,4.22,5.14,14.51
2021-12-26,-0.46,4.89,13.97
2021-12-27,4.55,3.6,14.46
2021-12-28,3.79,4.63,13.92
2021-12-29,5.6,3.46,15.26
2021-12-30,4.35,4.56,14.31
2021-12-31,2.72,3.95,16.1
2022-01-01,0.55,6.93,14.97
2022-01-02,2.58,4.31,15.16
2022-01-03,1.31,2.91,15.13
2022-01-04,1.85,4.14,15.41
2022-01-05,4.21,4.76,16.73
2022-01-06,6.38,5.88,15.13
2022-01-07,3.85,3.59,16.88
2022-01-08,0.7,2.57,16.32
2022-01-09,4.0,4.94,15.84
2022-01-10,5.54,2.72,16.03
2022-01-11,1.96,3.64,17.91
2022-01-12,2.95,3.8,16.37
2022-01-13,3.28,3.98,16.47
2022-01-14,1.73,4.72,17.83
2022-01-15,4.64,3.34,17.41
2022-01-16,3.16,3.74,17.01
2022-01-17,4.29,-999.0,17.66
2022-01-18,1.74,4.15,17.3
2022-01-19,2.7,4.1,18.6
2022-01-20,5.08,4.44,18.73
2022-01-21,2.96,4.85,18.5
2022-01-22,7.23,4.4,18.56
2022-01-23,3.05,4.47,19.94
2022-01-24,4.38,2.44,18.7
2022-01-25,5.87,4.09,18.42
2022-01-26,1.26,4.53,19.29
2022-01-27,0.66,4.8,21.04
2022-01-28,1.22,3.4,18.97
2022-01-29,6.89,3.45,19.38
2022-01-30,3.36,3.56,19.94
2022-01-31,9.68,4.7,19.86
2022-02-01,3.54,5.23,19.67
2022-02-02,5.14,3.82,20.98
2022-02-03,7.97,5.16,22.59
2022-02-04,9.01,4.42,20.67
2022-02-05,9.24,4.21,20.38
2022-02-06,7.65,4.16,20.37
2022-02-07,7.4,5.16,21.22
2022-02-08,6.66,4.78,21.99
2022-02-09,7.16,6.78,21.7
2022-02-10,4.63,3.7,21.6
2022-02-11,4.23,5.12,21.52
2022-02-12,6.0,4.13,21.52
2022-02-13,5.8,3.85,22.63
2022-02-14,5.37,4.76,22.87
2022-02-15,7.82,4.97,21.92
2022-02-16,8.48,7.81,23.84
2022-02-17,6.89,4.78,23.13
2022-02-18,9.82,3.9,23.98
2022-02-19,4.74,5.37,22.65
2022-02-20,6.79,3.09,22.81
2022-02-21,5.9,5.15,23.4
2022-02-22,3.76,5.33,23.92
2022-02-23,7.49,6.18,25.26
2022-02-24,7.58,6.44,24.39
2022-02-25,11.02,5.04,24.02
2022-02-26,9.42,5.48,23.89
2022-02-27,6.28,4.95,25.31
2022-02-28,12.21,4.67,24.23
2022-03-01,11.12,6.2,26.03
2022-03-02,10.02,4.71,24.8
2022-03-03,8.58,5.66,26.31
2022-03-04,7.29,5.17,25.65
2022-03-05,8.65,6.81,25.34
2022-03-06,11.75,-999.0,25.33
2022-03-07,13.53,5.15,25.55
2022-03-08,13.03,4.7,26.1
2022-03-09,9.16,-999.0,26.05
2022-03-10,8.09,6.77,25.9
2022-03-11,10.8,7.08,26.23
2022-03-12,7.17,6.52,26.49
2022-03-13,11.55,6.88,25.94
2022-03-14,10.8,7.55,27.0
2022-03-15,10.36,8.34,26.49
2022-03-16,8.3,5.45,26.58
2022-03-17,12.71,7.15,26.58
2022-03-18,10.82,7.85,26.7
2022-03-19,9.75,6.84,26.93
2022-03-20,6.54,9.6,27.25
2022-03-21,12.43,7.35,29.34
2022-03-22,16.24,8.07,27.58
2022-03-23,16.22,8.79,28.03
2022-03-24,12.18,7.76,28.28
2022-03-25,12.1,6.63,28.24
2022-03-26,14.44,8.17,28.26
2022-03-27,11.71,9.75,27.96
2022-03-28,14.52,8.51,29.59
2022-03-29,15.66,8.13,30.11
2022-03-30,16.78,10.03,28.18
2022-03-31,14.34,8.9,28.46
2022-04-01,14.33,8.85,28.83
2022-04-02,13.19,9.64,28.68
2022-04-03,13.5,10.4,29.45
2022-04-04,14.91,12.14,28.96
2022-04-05,16.3,10.72,31.31
2022-04-06,17.6,11.18,30.27
2022-04-07,14.37,9.65,29.66
2022-04-08,19.17,9.27,30.3
2022-04-09,15.85,10.49,30.46
2022-04-10,16.55,10.67,29.55
2022-04-11,15.31,9.62,29.55
2022-04-12,12.16,10.66,30.0
2022-04-13,18.98,11.37,30.57
2022-04-14,18.88,11.47,30.18
2022-04-15,17.05,11.75,29.63
2022-04-16,17.95,11.67,29.91
2022-04-17,19.05,11.01,30.27
2022-04-18,15.09,11.14,30.33
2022-04-19,17.35,10.59,32.11
2022-04-20,20.2,13.72,29.98
2022-04-21,16.3,12.08,30.82
2022-04-22,19.59,11.98,31.69
2022-04-23,16.48,11.42,32.75
2022-04-24,20.32,15.42,30.5
2022-04-25,19.51,11.55,31.0
2022-04-26,16.54,12.33,31.09
2022-04-27,22.29,13.31,30.9
2022-04-28,18.68,13.63,30.78
2022-04-29,18.71,14.12,31.1
2022-04-30,20.92,15.11,30.17
2022-05-01,23.0,13.94,31.32
2022-05-02,18.85,12.52,31.0
2022-05-03,21.18,13.45,30.85
2022-05-04,22.09,14.15,32.75
2022-05-05,22.8,16.04,30.69
2022-05-06,21.94,12.71,30.81
2022-05-07,21.02,15.44,32.7
2022-05-08,20.27,14.55,30.66
2022-05-09,22.27,15.34,30.76
2022-05-10,20.12,14.53,30.93
2022-05-11,16.58,13.92,31.52
2022-05-12,23.46,15.64,31.09
2022-05-13,24.55,15.68,30.5
2022-05-14,18.17,16.12,30.73
2022-05-15,21.04,15.26,30.68
2022-05-16,24.45,14.8,30.88
2022-05-17,27.47,13.97,31.14
2022-05-18,23.55,16.47,31.11
2022-05-19,22.19,16.19,30.26
2022-05-20,23.42,14.92,31.52
2022-05-21,26.68,15.47,30.91
2022-05-22,22.77,15.66,31.74
2022-05-23,22.6,14.76,30.95
2022-05-24,23.37,15.54,31.39
2022-05-25,22.55,15.34,30.87
2022-05-26,24.83,16.18,31.52
2022-05-27,27.96,15.96,30.81
2022-05-28,25.47,15.19,30.41
2022-05-29,24.44,18.94,32.51
2022-05-30,24.48,18.28,30.9
2022-05-31,22.04,16.36,30.61
2022-06-01,27.04,17.51,29.74
2022-06-02,25.23,17.76,29.67
2022-06-03,25.12,18.64,30.23
2022-06-04,31.97,16.73,30.07
2022-06-05,26.28,18.74,29.66
2022-06-06,24.27,17.19,29.91
2022-06-07,25.01,16.5,30.97
2022-06-08,28.25,18.65,30.09
2022-06-09,26.26,19.31,29.15
2022-06-10,23.23,20.7,29.44
2022-06-11,28.03,17.0,29.07
2022-06-12,24.92,18.98,29.14
2022-06-13,30.08,17.96,29.03
2022-06-14,28.56,19.24,28.9
2022-06-15,25.56,17.06,28.55
2022-06-16,29.08,17.35,28.85
2022-06-17,26.71,17.91,28.56
2022-06-18,28.33,18.84,27.93
2022-06-19,27.65,18.19,30.37
2022-06-20,25.03,19.56,29.19
2022-06-21,25.48,20.0,28.18
2022-06-22,28.86,19.64,28.25
2022-06-23,26.17,20.72,27.67
2022-06-24,26.06,19.58,29.33
2022-06-25,24.99,18.01,29.45
2022-06-26,27.77,20.65,27.83
2022-06-27,31.07,18.74,28.28
2022-06-28,24.83,20.3,27.58
2022-06-29,27.03,21.02,26.87
2022-06-30,29.81,19.95,27.03
2022-07-01,26.84,18.05,27.15
2022-07-02,27.9,18.67,26.74
2022-07-03,24.87,20.95,26.7
2022-07-04,27.85,19.5,26.62
2022-07-05,26.61,19.79,26.48
2022-07-06,28.95,20.5,26.41
2022-07-07,29.34,20.47,25.82
2022-07-08,32.13,20.09,25.79
2022-07-09,28.08,19.63,25.46
2022-07-10,27.55,19.55,26.42
2022-07-11,27.26,20.75,24.98
2022-07-12,26.13,20.46,26.26
2022-07-13,27.48,19.67,26.33
2022-07-14,26.17,21.03,25.03
2022-07-15,27.06,19.83,24.29
2022-07-16,29.31,19.12,24.69
2022-07-17,24.62,19.22,24.67
2022-07-18,28.86,19.01,24.14
2022-07-19,29.15,19.72,24.15
2022-07-20,26.22,21.23,25.36
2022-07-21,22.15,19.19,24.44
2022-07-22,25.11,20.19,23.51
2022-07-23,28.85,19.34,23.17
2022-07-24,26.14,19.73,23.4
2022-07-25,24.11,18.47,23.29
2022-07-26,25.02,19.75,23.5
2022-07-27,27.63,19.76,22.82
2022-07-28,26.96,20.48,23.17
2022-07-29,25.3,20.14,24.34
2022-07-30,24.95,18.7,23.05
2022-07-31,24.8,20.96,22.35
2022-08-01,23.64,20.06,22.11
2022-08-02,28.61,20.02,21.87
2022-08-03,24.63,19.78,22.66
2022-08-04,27.6,19.24,21.42
2022-08-05,28.1,19.94,21.54
2022-08-06,26.94,20.16,21.37
2022-08-07,23.96,17.9,20.95
2022-08-08,25.52,19.07,20.5
2022-08-09,24.54,19.31,21.0
2022-08-10,22.65,19.78,20.63
2022-08-11,24.98,20.66,20.77
2022-08-12,21.84,18.65,20.08
2022-08-13,26.44,18.87,20.98
2022-08-14,23.0,18.8,19.61
2022-08-15,24.19,18.45,21.15
2022-08-16,24.21,18.85,19.04
2022-08-17,22.99,19.91,19.7
2022-08-18,24.53,18.02,19.56
2022-08-19,22.26,19.43,18.79
2022-08-20,24.8,17.24,19.19
2022-08-21,20.21,18.31,19.68
2022-08-22,23.0,18.47,17.94
2022-08-23,26.46,20.4,18.73
2022-08-24,20.42,18.37,17.57
2022-08-25,20.91,16.37,17.73
2022-08-26,23.12,16.49,19.21
2022-08-27,22.29,18.44,17.53
2022-08-28,22.46,18.94,17.18
2022-08-29,22.56,18.62,17.37
2022-08-30,22.68,18.32,19.11
2022-08-31,23.46,19.23,16.54
2022-09-01,21.88,17.44,16.58
2022-09-02,20.4,18.78,17.94
2022-09-03,22.04,16.16,18.2
2022-09-04,24.32,16.79,16.47
2022-09-05,20.07,15.79,15.9
2022-09-06,18.2,17.22,18.06
2022-09-07,22.17,17.35,17.28
2022-09-08,19.53,17.41,16.32
2022-09-09,15.23,17.25,15.43
2022-09-10,21.08,16.16,15.6
2022-09-11,18.13,16.79,15.4
2022-09-12,18.82,15.37,15.51
2022-09-13,19.47,18.12,16.26
2022-09-14,18.99,16.34,15.6
2022-09-15,19.83,16.04,14.5
2022-09-16,17.34,18.01,15.77
2022-09-17,19.04,15.06,14.82
2022-09-18,17.29,15.06,14.92
2022-09-19,19.09,14.97,15.47
2022-09-20,18.64,15.88,13.83
2022-09-21,15.34,16.26,14.11
2022-09-22,19.18,16.45,13.77
2022-09-23,15.73,18.16,13.34
2022-09-24,18.21,13.21,13.95
2022-09-25,17.13,15.95,16.16
2022-09-26,19.86,14.65,12.93
2022-09-27,15.53,14.5,13.4
2022-09-28,15.08,14.34,13.68
2022-09-29,15.53,13.92,13.26
2022-09-30,14.76,16.38,13.04
2022-10-01,16.75,15.41,12.51
2022-10-02,11.72,14.46,13.01
2022-10-03,12.63,15.66,12.47
2022-10-04,12.4,12.66,12.02
2022-10-05,16.23,12.71,13.41
2022-10-06,17.54,11.73,13.12
2022-10-07,13.71,13.08,12.44
2022-10-08,13.37,13.8,12.45
2022-10-09,13.65,13.61,12.95
2022-10-10,15.63,13.52,12.28
2022-10-11,11.24,11.82,12.65
2022-10-12,13.37,13.9,11.87
2022-10-13,14.64,13.2,12.86
2022-10-14,13.49,13.56,12.03
2022-10-15,12.67,10.79,11.89
2022-10-16,14.09,12.86,11.25
2022-10-17,6.48,11.23,11.82
2022-10-18,13.04,11.88,11.26
2022-10-19,10.18,12.67,11.27
2022-10-20,7.63,12.09,11.15
2022-10-21,12.12,11.01,11.02
2022-10-22,13.65,11.73,13.28
2022-10-23,10.43,10.06,12.29
2022-10-24,12.42,12.6,12.91
2022-10-25,13.55,11.11,10.8
2022-10-26,12.76,12.29,11.26
2022-10-27,13.23,10.51,10.71
2022-10-28,11.24,10.38,10.86
2022-10-29,9.73,10.0,10.76
2022-10-30,6.19,11.51,11.96
2022-10-31,8.72,-999.0,10.9
2022-11-01,7.34,11.0,11.76
2022-11-02,13.19,9.84,11.39
2022-11-03,8.32,8.11,13.19
2022-11-04,8.75,9.39,10.49
2022-11-05,9.43,8.65,11.88
2022-11-06,8.24,9.73,11.78
2022-11-07,11.38,8.37,10.61
2022-11-08,6.58,10.36,11.66
2022-11-09,8.05,9.21,11.19
2022-11-10,6.01,8.99,10.9
2022-11-11,4.69,9.7,10.68
2022-11-12,5.95,9.88,10.73
2022-11-13,6.95,8.77,12.84
2022-11-14,6.01,7.89,11.07
2022-11-15,5.33,6.76,11.57
2022-11-16,3.76,7.73,10.79
2022-11-17,6.26,7.67,10.82
2022-11-18,3.27,8.28,11.89
2022-11-19,7.66,7.7,10.71
2022-11-20,6.17,8.62,11.05
2022-11-21,2.95,7.2,11.3
2022-11-22,5.12,7.64,11.38
2022-11-23,4.1,8.76,11.28
2022-11-24,6.12,7.81,11.63
2022-11-25,8.03,7.29,11.88
2022-11-26,1.48,6.64,11.96
2022-11-27,5.34,6.5,11.18
2022-11-28,4.68,6.17,11.5
2022-11-29,6.23,6.38,12.51
2022-11-30,5.2,7.57,12.32
2022-12-01,3.16,6.49,11.33
2022-12-02,3.93,5.25,12.09
2022-12-03,2.87,8.27,11.34
2022-12-04,6.52,6.72,12.07
2022-12-05,4.32,-999.0,13.7
2022-12-06,7.98,5.77,11.82
2022-12-07,3.97,6.23,11.94
2022-12-08,2.59,7.73,12.83
2022-12-09,0.9,4.83,11.92
2022-12-10,0.24,6.82,12.28
2022-12-11,0.61,7.16,12.99
2022-12-12,4.24,5.04,12.46
2022-12-13,4.65,5.31,12.72
2022-12-14,0.41,4.47,13.39
2022-12-15,5.3,5.22,13.27
2022-12-16,2.49,5.31,13.29
2022-12-17,3.69,5.93,13.1
2022-12-18,6.57,6.29,13.56
2022-12-19,5.09,4.38,13.41
2022-12-20,2.72,3.09,13.84
2022-12-21,1.43,4.97,13.48
2022-12-22,-1.13,5.22,13.74
2022-12-23,1.71,5.11,13.55
2022-12-24,2.69,4.48,14.05
2022-12-25,1.11,4.87,13.86
2022-12-26,2.8,6.2,13.89
2022-12-27,3.2,5.01,14.59
2022-12-28,2.58,4.21,14.69
2022-12-29,1.72,4.03,15.19
2022-12-30,3.34,4.31,14.65
