Date,T_air,T_water,Discharge
2003-01-01,-1.592,,0.480
2003-01-02,1.546,,0.473
2003-01-03,-0.800,,0.479
2003-01-04,-1.125,,0.474
2003-01-05,-8.837,,0.455
2003-01-06,-10.133,,0.455
2003-01-07,-12.750,,0.456
2003-01-08,-12.413,,0.423
2003-01-09,-9.188,,0.467
2003-01-10,-12.942,,0.470
2003-01-11,-13.913,,0.450
2003-01-12,-13.500,,0.447
2003-01-13,-8.042,,0.460
2003-01-14,-3.092,,0.474
2003-01-15,-3.871,,0.478
2003-01-16,-4.483,,0.482
2003-01-17,-5.625,,0.486
2003-01-18,-6.392,,0.490
2003-01-19,-4.475,,0.494
2003-01-20,-2.558,,0.498
2003-01-21,0.042,,0.496
2003-01-22,-2.342,,0.494
2003-01-23,-4.617,,0.490
2003-01-24,-4.438,,0.494
2003-01-25,-8.950,,0.492
2003-01-26,-7.700,,0.500
2003-01-27,-2.467,,0.507
2003-01-28,-2.421,,0.510
2003-01-29,-7.013,,0.515
2003-01-30,-8.046,,0.519
2003-01-31,-11.679,,0.507
2003-02-01,-15.604,,0.507
2003-02-02,-9.142,,0.511
2003-02-03,-4.833,,0.514
2003-02-04,-6.171,,0.513
2003-02-05,-9.517,,0.513
2003-02-06,-9.371,,0.518
2003-02-07,-10.471,,0.517
2003-02-08,-4.787,,0.516
2003-02-09,-6.425,,0.520
2003-02-10,-9.587,,0.524
2003-02-11,-8.921,,0.528
2003-02-12,-10.750,,0.532
2003-02-13,-10.750,,0.531
2003-02-14,-10.025,,0.530
2003-02-15,-10.479,,0.529
2003-02-16,-13.038,,0.528
2003-02-17,-12.767,,0.532
2003-02-18,-9.958,,0.531
2003-02-19,-6.146,,0.530
2003-02-20,-3.783,,0.529
2003-02-21,-3.162,,0.528
2003-02-22,-3.775,,0.532
2003-02-23,-4.408,,0.536
2003-02-24,-3.917,,0.532
2003-02-25,-3.142,,0.514
2003-02-26,-2.288,,0.503
2003-02-27,-3.217,,0.493
2003-02-28,0.279,,0.482
2003-03-01,0.688,,0.471
2003-03-02,0.096,,0.461
2003-03-03,-2.688,,0.442
2003-03-04,-2.850,,0.441
2003-03-05,2.283,,0.418
2003-03-06,0.962,,0.411
2003-03-07,-1.233,,0.403
2003-03-08,-1.583,,0.398
2003-03-09,-0.300,,0.399
2003-03-10,2.388,,0.404
2003-03-11,4.813,,0.409
2003-03-12,2.271,,0.417
2003-03-13,-1.729,,0.417
2003-03-14,-4.192,,0.417
2003-03-15,-3.779,,0.412
2003-03-16,-4.267,,0.417
2003-03-17,-1.758,,0.418
2003-03-18,-1.592,,0.415
2003-03-19,-0.500,,0.418
2003-03-20,0.167,,0.415
2003-03-21,0.221,,0.416
2003-03-22,0.425,,0.413
2003-03-23,1.146,,0.417
2003-03-24,2.488,,0.428
2003-03-25,2.717,,0.440
2003-03-26,3.238,,0.456
2003-03-27,3.883,,0.472
2003-03-28,4.888,,0.497
2003-03-29,5.079,,0.533
2003-03-30,5.358,,0.565
2003-03-31,2.988,,0.584
2003-04-01,4.221,,0.579
2003-04-02,-1.567,,0.592
2003-04-03,-3.579,,0.555
2003-04-04,-3.533,,0.529
2003-04-05,-1.229,,0.525
2003-04-06,-3.483,,0.509
2003-04-07,-9.808,,0.412
2003-04-08,-6.583,,0.424
2003-04-09,-3.404,,0.468
2003-04-10,-0.987,,0.456
2003-04-11,-1.583,,0.449
2003-04-12,0.283,,0.433
2003-04-13,2.950,,0.434
2003-04-14,4.558,,0.462
2003-04-15,5.467,,0.510
2003-04-16,6.133,,0.587
2003-04-17,6.242,,0.679
2003-04-18,4.142,,0.759
2003-04-19,3.829,,0.758
2003-04-20,5.604,,0.705
2003-04-21,3.683,,0.709
2003-04-22,4.417,,0.743
2003-04-23,3.917,,0.745
2003-04-24,5.438,,0.816
2003-04-25,8.387,,1.133
2003-04-26,7.458,,1.527
2003-04-27,5.700,,1.710
2003-04-28,8.029,,1.839
2003-04-29,10.521,,2.350
2003-04-30,11.146,,3.548
2003-05-01,7.146,,3.607
2003-05-02,8.721,,3.110
2003-05-03,5.033,,2.941
2003-05-04,9.850,,2.879
2003-05-05,13.937,,3.470
2003-05-06,14.050,,4.380
2003-05-07,14.342,,4.740
2003-05-08,13.767,,5.138
2003-05-09,8.450,,5.028
2003-05-10,7.942,,4.590
2003-05-11,9.546,,5.014
2003-05-12,8.475,,5.386
2003-05-13,4.700,,5.156
2003-05-14,1.183,,4.630
2003-05-15,2.033,,4.106
2003-05-16,5.779,,3.916
2003-05-17,6.421,,3.888
2003-05-18,8.808,,3.929
2003-05-19,11.696,,4.690
2003-05-20,4.187,,5.163
2003-05-21,2.258,,4.347
2003-05-22,2.825,,4.057
2003-05-23,9.546,,4.037
2003-05-24,11.858,,4.209
2003-05-25,8.775,,4.586
2003-05-26,9.096,,5.299
2003-05-27,10.442,,6.270
2003-05-28,11.596,,6.821
2003-05-29,11.333,,6.644
2003-05-30,11.679,,6.647
2003-05-31,13.904,,6.920
2003-06-01,14.163,,7.076
2003-06-02,12.800,,6.678
2003-06-03,13.463,,6.238
2003-06-04,13.700,,7.683
2003-06-05,14.258,,7.815
2003-06-06,14.800,,8.050
2003-06-07,14.621,,7.619
2003-06-08,15.183,,7.324
2003-06-09,14.479,,6.601
2003-06-10,16.929,,6.353
2003-06-11,17.304,,6.392
2003-06-12,16.963,,6.318
2003-06-13,16.529,,6.284
2003-06-14,15.846,,6.468
2003-06-15,14.308,,6.255
2003-06-16,14.571,,5.612
2003-06-17,14.517,,5.519
2003-06-18,12.429,,5.159
2003-06-19,12.746,,4.407
2003-06-20,15.063,,4.258
2003-06-21,14.967,,4.591
2003-06-22,16.621,,3.838
2003-06-23,17.363,,3.719
2003-06-24,17.308,,3.755
2003-06-25,17.508,,3.805
2003-06-26,15.042,,3.926
2003-06-27,14.925,,4.255
2003-06-28,14.046,,4.909
2003-06-29,14.838,,3.656
2003-06-30,17.850,,3.206
2003-07-01,9.300,,3.684
2003-07-02,9.838,,3.002
2003-07-03,8.333,,2.825
2003-07-04,7.892,,2.751
2003-07-05,8.658,,2.784
2003-07-06,11.271,,2.744
2003-07-07,12.954,,2.685
2003-07-08,13.817,,2.633
2003-07-09,13.696,,2.664
2003-07-10,13.954,,2.529
2003-07-11,15.004,,2.687
2003-07-12,15.804,,2.832
2003-07-13,16.150,,3.104
2003-07-14,16.975,,3.272
2003-07-15,17.225,,3.220
2003-07-16,17.000,,2.566
2003-07-17,12.108,,2.647
2003-07-18,13.217,,2.602
2003-07-19,16.521,,2.644
2003-07-20,18.833,,2.783
2003-07-21,14.467,,2.736
2003-07-22,15.846,,2.581
2003-07-23,14.300,,2.527
2003-07-24,11.229,,2.469
2003-07-25,13.675,,2.333
2003-07-26,16.475,,2.286
2003-07-27,16.333,,2.262
2003-07-28,10.329,,2.222
2003-07-29,9.708,,2.119
2003-07-30,11.771,,2.034
2003-07-31,10.271,,1.989
2003-08-01,13.496,,1.926
2003-08-02,16.037,,1.908
2003-08-03,18.508,,1.871
2003-08-04,19.650,,1.900
2003-08-05,19.867,,1.862
2003-08-06,18.354,,1.824
2003-08-07,18.408,,1.786
2003-08-08,18.421,,1.745
2003-08-09,18.708,,1.660
2003-08-10,19.058,,1.649
2003-08-11,18.892,,1.639
2003-08-12,18.613,,1.628
2003-08-13,19.600,,1.562
2003-08-14,15.992,,1.581
2003-08-15,12.879,,1.554
2003-08-16,15.829,,1.548
2003-08-17,17.113,,1.541
2003-08-18,12.679,,1.550
2003-08-19,13.671,,1.539
2003-08-20,14.083,,1.528
2003-08-21,13.042,,1.478
2003-08-22,14.646,,1.463
2003-08-23,16.017,,1.441
2003-08-24,15.046,,1.469
2003-08-25,14.725,,1.506
2003-08-26,14.517,,1.455
2003-08-27,15.100,,1.456
2003-08-28,15.596,,1.438
2003-08-29,10.829,,1.559
2003-08-30,9.313,,1.596
2003-08-31,6.558,,1.575
2003-09-01,5.063,,1.521
2003-09-02,5.608,,1.460
2003-09-03,6.371,,1.395
2003-09-04,8.608,,1.318
2003-09-05,11.033,,1.226
2003-09-06,10.513,,1.184
2003-09-07,11.533,,1.158
2003-09-08,8.438,,1.142
2003-09-09,7.854,,1.125
2003-09-10,7.362,,1.107
2003-09-11,5.621,,1.094
2003-09-12,5.500,,1.081
2003-09-13,6.554,,1.034
2003-09-14,6.650,,1.049
2003-09-15,8.608,,1.033
2003-09-16,9.800,,0.978
2003-09-17,11.008,,0.930
2003-09-18,12.462,,0.918
2003-09-19,13.583,,0.907
2003-09-20,14.329,,0.927
2003-09-21,12.742,,0.902
2003-09-22,12.200,,0.870
2003-09-23,8.929,,0.921
2003-09-24,4.492,,0.936
2003-09-25,7.296,,0.867
2003-09-26,8.575,,0.854
2003-09-27,9.067,,0.815
2003-09-28,9.617,,0.804
2003-09-29,5.829,,0.793
2003-09-30,7.042,,0.768
2003-10-01,7.617,,0.743
2003-10-02,10.392,,0.734
2003-10-03,9.854,,0.777
2003-10-04,6.092,,0.836
2003-10-05,-0.300,,0.840
2003-10-06,-0.575,,0.802
2003-10-07,0.942,,0.824
2003-10-08,-1.917,,0.838
2003-10-09,2.304,,0.986
2003-10-10,4.871,,1.065
2003-10-11,4.917,,1.060
2003-10-12,5.808,,1.070
2003-10-13,5.242,,1.093
2003-10-14,4.508,,1.130
2003-10-15,3.154,,1.120
2003-10-16,3.092,,1.123
2003-10-17,3.733,,1.114
2003-10-18,3.337,,1.084
2003-10-19,5.196,,1.059
2003-10-20,4.608,,1.166
2003-10-21,0.137,,1.165
2003-10-22,-1.442,,1.108
2003-10-23,-2.187,,1.047
2003-10-24,-5.950,,1.056
2003-10-25,-7.883,,1.052
2003-10-26,-4.908,,1.112
2003-10-27,-3.567,,1.075
2003-10-28,-1.383,,1.050
2003-10-29,1.187,,1.058
2003-10-30,-2.388,,1.008
2003-10-31,2.867,,1.080
2003-11-01,1.875,,1.214
2003-11-02,1.350,,1.078
2003-11-03,1.313,,1.010
2003-11-04,0.471,,0.973
2003-11-05,3.217,,0.881
2003-11-06,3.958,,0.847
2003-11-07,-1.438,,0.801
2003-11-08,0.363,,0.773
2003-11-09,1.800,,0.769
2003-11-10,2.267,,0.742
2003-11-11,1.704,,0.725
2003-11-12,1.500,,0.719
2003-11-13,0.725,,0.695
2003-11-14,-0.933,,0.697
2003-11-15,-0.575,,0.689
2003-11-16,3.821,,0.695
2003-11-17,0.325,,0.689
2003-11-18,1.792,,0.685
2003-11-19,3.738,,0.696
2003-11-20,3.787,,0.665
2003-11-21,4.967,,0.665
2003-11-22,6.063,,0.665
2003-11-23,6.450,,0.676
2003-11-24,6.092,,0.689
2003-11-25,4.525,,0.664
2003-11-26,2.162,,0.640
2003-11-27,2.942,,0.637
2003-11-28,-2.446,,0.636
2003-11-29,-3.104,,0.618
2003-11-30,-0.604,,0.604
2003-12-01,2.842,,0.633
2003-12-02,6.700,,0.683
2003-12-03,4.367,,0.639
2003-12-04,2.108,,0.620
2003-12-05,0.654,,0.605
2003-12-06,-0.087,,0.591
2003-12-07,-4.529,,0.572
2003-12-08,-4.413,,0.551
2003-12-09,-1.104,,0.580
2003-12-10,-1.362,,0.560
2003-12-11,-1.246,,0.569
2003-12-12,0.017,,0.560
2003-12-13,1.038,,0.560
2003-12-14,0.500,,0.560
2003-12-15,-5.733,,0.529
2003-12-16,-8.633,,0.517
2003-12-17,-6.371,,0.553
2003-12-18,-5.000,,0.556
2003-12-19,-2.571,,0.540
2003-12-20,-1.463,,0.540
2003-12-21,-0.875,,0.539
2003-12-22,-7.367,,0.511
2003-12-23,-13.721,,0.469
2003-12-24,-14.125,,0.487
2003-12-25,-5.813,,0.526
2003-12-26,-1.704,,0.527
2003-12-27,-0.050,1.437,0.521
2003-12-28,1.292,1.384,0.498
2003-12-29,-5.417,0.972,0.508
2003-12-30,-4.746,1.281,0.500
2003-12-31,-6.275,1.288,0.499
2004-01-01,-8.037,0.706,0.487
2004-01-02,-6.738,1.261,0.480
2004-01-03,-11.154,0.343,0.462
2004-01-04,-10.317,0.250,0.472
2004-01-05,-5.975,1.218,0.481
2004-01-06,-2.238,1.818,0.480
2004-01-07,-0.967,1.870,0.479
2004-01-08,-2.929,1.171,0.460
2004-01-09,-1.779,1.529,0.460
2004-01-10,-3.271,1.065,0.457
2004-01-11,-1.583,1.786,0.460
2004-01-12,0.550,1.980,0.460
2004-01-13,0.767,1.703,0.472
2004-01-14,-1.992,1.355,0.491
2004-01-15,-5.958,0.326,0.457
2004-01-16,-5.829,0.705,0.452
2004-01-17,-4.075,1.001,0.446
2004-01-18,-5.629,0.977,0.440
2004-01-19,-7.746,0.392,0.437
2004-01-20,-4.687,0.334,0.498
2004-01-21,-6.058,1.045,0.441
2004-01-22,-10.921,0.322,0.405
2004-01-23,-9.142,0.273,0.431
2004-01-24,-6.604,0.476,0.425
2004-01-25,-6.942,1.056,0.423
2004-01-26,-8.925,0.279,0.395
2004-01-27,-7.375,0.612,0.419
2004-01-28,-8.875,0.776,0.424
2004-01-29,-11.142,0.301,0.417
2004-01-30,-11.200,0.198,0.410
2004-01-31,-4.217,0.582,0.402
2004-02-01,-2.071,0.841,0.413
2004-02-02,-0.808,1.149,0.410
2004-02-03,0.462,1.577,0.410
2004-02-04,1.467,1.639,0.409
2004-02-05,0.896,1.389,0.401
2004-02-06,1.267,1.741,0.395
2004-02-07,-0.787,1.703,0.395
2004-02-08,-4.771,0.808,0.393
2004-02-09,-8.088,0.277,0.378
2004-02-10,-9.108,0.244,0.393
2004-02-11,-3.629,0.698,0.402
2004-02-12,-5.708,1.336,0.395
2004-02-13,-2.975,1.964,0.394
2004-02-14,-4.075,1.114,0.386
2004-02-15,-5.450,0.700,0.379
2004-02-16,-5.383,0.651,0.378
2004-02-17,-4.358,0.584,0.378
2004-02-18,-4.583,1.204,0.377
2004-02-19,-6.279,1.089,0.377
2004-02-20,-1.950,0.933,0.368
2004-02-21,3.183,1.595,0.362
2004-02-22,3.233,2.516,0.393
2004-02-23,-5.221,1.058,0.387
2004-02-24,-11.150,0.236,0.362
2004-02-25,-9.104,0.204,0.375
2004-02-26,-8.779,0.305,0.384
2004-02-27,-10.504,0.796,0.378
2004-02-28,-12.438,0.181,0.396
2004-02-29,-10.242,0.692,0.373
2004-03-01,-11.171,0.768,0.365
2004-03-02,-10.254,0.649,0.368
2004-03-03,-5.888,1.098,0.368
2004-03-04,-3.988,1.118,0.363
2004-03-05,-1.300,2.108,0.370
2004-03-06,-0.892,2.460,0.365
2004-03-07,-4.250,2.025,0.365
2004-03-08,-5.467,1.311,0.365
2004-03-09,-7.475,1.418,0.360
2004-03-10,-7.842,0.672,0.356
2004-03-11,-7.700,0.795,0.364
2004-03-12,-3.892,1.194,0.357
2004-03-13,1.492,2.139,0.370
2004-03-14,2.292,2.720,0.380
2004-03-15,1.713,2.446,0.372
2004-03-16,3.517,2.556,0.375
2004-03-17,4.875,2.803,0.391
2004-03-18,5.900,2.986,0.418
2004-03-19,3.821,3.041,0.422
2004-03-20,3.992,3.350,0.435
2004-03-21,3.396,3.326,0.443
2004-03-22,-1.263,2.808,0.457
2004-03-23,-3.325,1.824,0.439
2004-03-24,-3.958,1.719,0.425
2004-03-25,-4.150,2.140,0.424
2004-03-26,-5.758,1.928,0.409
2004-03-27,-5.108,1.858,0.402
2004-03-28,-2.479,1.904,0.398
2004-03-29,1.096,2.269,0.384
2004-03-30,3.000,2.784,0.396
2004-03-31,3.204,3.380,0.402
2004-04-01,3.650,3.414,0.422
2004-04-02,4.396,3.586,0.476
2004-04-03,2.358,3.592,0.507
2004-04-04,3.471,3.867,0.512
2004-04-05,1.254,3.636,0.527
2004-04-06,-0.675,3.061,0.519
2004-04-07,-2.767,2.414,0.499
2004-04-08,-2.588,2.580,0.479
2004-04-09,-1.963,2.560,0.460
2004-04-10,-1.629,3.117,0.465
2004-04-11,-0.904,3.825,0.467
2004-04-12,-0.504,3.386,0.460
2004-04-13,-1.283,3.007,0.459
2004-04-14,2.108,4.420,0.451
2004-04-15,3.583,4.556,0.487
2004-04-16,3.517,3.902,0.508
2004-04-17,4.396,4.204,0.532
2004-04-18,5.383,4.474,0.604
2004-04-19,-1.863,2.168,0.617
2004-04-20,0.400,3.615,0.567
2004-04-21,5.325,4.480,0.565
2004-04-22,7.429,4.500,0.698
2004-04-23,7.383,4.355,1.120
2004-04-24,3.446,3.729,1.513
2004-04-25,1.138,3.463,1.367
2004-04-26,4.079,4.065,1.231
2004-04-27,6.271,4.311,1.401
2004-04-28,7.158,4.254,1.599
2004-04-29,8.179,4.111,1.764
2004-04-30,9.104,3.655,2.405
2004-05-01,6.479,4.059,2.304
2004-05-02,6.421,4.175,2.265
2004-05-03,6.317,4.077,2.071
2004-05-04,6.508,4.289,2.136
2004-05-05,1.283,3.704,2.079
2004-05-06,-0.479,3.334,1.815
2004-05-07,0.429,3.877,1.627
2004-05-08,1.571,4.232,1.509
2004-05-09,0.638,3.704,1.422
2004-05-10,3.304,5.273,1.362
2004-05-11,5.067,4.848,1.348
2004-05-12,5.775,5.220,1.455
2004-05-13,3.754,4.326,1.625
2004-05-14,4.946,5.239,1.676
2004-05-15,6.292,5.104,1.820
2004-05-16,4.621,4.245,1.908
2004-05-17,7.446,5.095,2.006
2004-05-18,9.863,5.191,2.468
2004-05-19,10.579,5.047,3.128
2004-05-20,12.288,4.908,3.514
2004-05-21,8.646,4.404,4.077
2004-05-22,3.308,4.107,4.040
2004-05-23,1.475,3.679,3.335
2004-05-24,3.567,4.092,2.829
2004-05-25,6.683,4.837,2.638
2004-05-26,7.992,4.959,2.863
2004-05-27,6.971,4.817,3.369
2004-05-28,4.833,4.462,3.492
2004-05-29,6.037,5.042,3.063
2004-05-30,9.037,5.205,2.998
2004-05-31,6.488,4.617,3.445
2004-06-01,5.746,4.697,3.498
2004-06-02,6.258,5.021,3.705
2004-06-03,3.858,4.150,3.691
2004-06-04,6.667,4.641,3.558
2004-06-05,5.967,4.799,3.664
2004-06-06,7.442,5.810,3.808
2004-06-07,10.967,5.902,3.846
2004-06-08,13.613,5.934,4.456
2004-06-09,15.721,5.738,5.410
2004-06-10,16.300,5.762,7.099
2004-06-11,12.704,5.149,9.919
2004-06-12,8.892,4.413,10.148
2004-06-13,5.729,4.454,7.314
2004-06-14,8.529,5.450,5.430
2004-06-15,10.396,5.954,5.112
2004-06-16,8.046,4.798,5.752
2004-06-17,10.850,5.780,5.253
2004-06-18,11.742,5.536,5.815
2004-06-19,8.533,5.378,6.284
2004-06-20,4.717,4.251,5.975
2004-06-21,7.104,5.275,4.651
2004-06-22,9.683,5.704,4.297
2004-06-23,12.075,6.136,4.286
2004-06-24,11.275,6.440,5.778
2004-06-25,9.837,5.542,6.657
2004-06-26,11.621,5.945,5.526
2004-06-27,15.229,6.513,6.560
2004-06-28,14.379,6.265,8.413
2004-06-29,12.375,6.247,8.332
2004-06-30,13.933,6.426,6.725
2004-07-01,11.421,6.151,7.116
2004-07-02,9.250,5.724,6.625
2004-07-03,9.417,6.373,5.137
2004-07-04,13.004,6.701,5.755
2004-07-05,12.567,6.728,5.945
2004-07-06,11.958,6.640,6.285
2004-07-07,13.658,6.684,6.075
2004-07-08,14.629,6.785,7.124
2004-07-09,7.817,5.760,7.577
2004-07-10,6.696,5.400,5.711
2004-07-11,5.450,5.041,5.148
2004-07-12,6.242,5.509,4.456
2004-07-13,6.121,5.487,4.103
2004-07-14,8.875,6.379,3.648
2004-07-15,11.296,6.642,3.671
2004-07-16,12.808,7.317,4.101
2004-07-17,14.508,7.483,4.368
2004-07-18,16.475,7.936,4.743
2004-07-19,15.475,7.816,4.947
2004-07-20,14.446,7.604,5.223
2004-07-21,15.642,8.026,5.074
2004-07-22,17.575,8.450,4.985
2004-07-23,16.929,8.601,5.096
2004-07-24,12.021,6.937,6.390
2004-07-25,13.183,7.861,5.144
2004-07-26,10.583,7.006,4.728
2004-07-27,8.946,7.035,4.277
2004-07-28,10.829,7.281,3.593
2004-07-29,13.413,8.051,3.706
2004-07-30,14.663,8.250,4.018
2004-07-31,15.283,8.668,3.884
2004-08-01,15.842,8.864,3.814
2004-08-02,15.817,8.804,3.753
2004-08-03,15.346,8.548,3.741
2004-08-04,14.196,8.209,3.733
2004-08-05,14.729,8.856,3.479
2004-08-06,13.417,8.917,4.046
2004-08-07,13.700,8.652,3.992
2004-08-08,12.054,8.195,3.855
2004-08-09,13.996,8.476,3.152
2004-08-10,16.388,9.131,3.116
2004-08-11,14.967,8.953,3.288
2004-08-12,15.308,9.256,3.104
2004-08-13,11.829,8.668,3.611
2004-08-14,8.133,6.877,3.468
2004-08-15,11.263,8.165,2.850
2004-08-16,13.596,8.440,2.494
2004-08-17,14.242,8.345,2.556
2004-08-18,15.029,8.401,2.591
2004-08-19,15.637,8.869,2.501
2004-08-20,9.917,8.096,5.472
2004-08-21,7.471,6.749,5.614
2004-08-22,9.250,7.445,3.619
2004-08-23,12.900,8.314,3.475
2004-08-24,11.483,8.015,3.801
2004-08-25,11.358,8.417,3.247
2004-08-26,6.021,6.329,4.410
2004-08-27,9.000,7.377,3.500
2004-08-28,11.283,7.781,3.353
2004-08-29,10.804,7.677,3.541
2004-08-30,11.650,8.117,3.296
2004-08-31,7.800,7.165,3.569
2004-09-01,10.517,7.896,2.829
2004-09-02,12.742,8.449,2.730
2004-09-03,13.833,8.618,2.912
2004-09-04,12.171,8.215,2.777
2004-09-05,12.937,8.113,2.323
2004-09-06,13.538,8.673,2.250
2004-09-07,13.196,8.810,2.258
2004-09-08,12.079,8.520,2.217
2004-09-09,11.608,7.721,1.937
2004-09-10,12.962,7.971,1.769
2004-09-11,13.025,8.428,1.796
2004-09-12,9.767,7.637,2.253
2004-09-13,10.346,7.239,1.800
2004-09-14,9.521,6.937,1.856
2004-09-15,7.492,6.796,2.123
2004-09-16,5.883,5.943,1.917
2004-09-17,8.037,6.611,1.661
2004-09-18,10.067,7.082,1.565
2004-09-19,9.937,7.184,1.552
2004-09-20,10.250,7.623,1.556
2004-09-21,8.183,6.990,1.557
2004-09-22,5.858,6.016,1.453
2004-09-23,8.508,6.511,1.604
2004-09-24,3.025,5.531,2.128
2004-09-25,1.192,3.902,1.745
2004-09-26,2.275,4.450,1.675
2004-09-27,5.075,5.281,1.660
2004-09-28,7.012,6.011,1.658
2004-09-29,7.238,5.736,1.654
2004-09-30,7.863,6.279,1.759
2004-10-01,8.175,6.517,1.735
2004-10-02,8.188,6.329,1.642
2004-10-03,9.025,7.014,1.677
2004-10-04,9.658,6.577,1.556
2004-10-05,11.617,6.870,1.524
2004-10-06,10.629,6.877,1.518
2004-10-07,9.950,7.177,1.514
2004-10-08,11.133,6.867,1.407
2004-10-09,10.212,6.951,1.362
2004-10-10,7.538,6.504,1.559
2004-10-11,6.142,6.194,1.450
2004-10-12,5.892,5.474,1.365
2004-10-13,5.304,4.995,1.283
2004-10-14,4.317,4.289,1.217
2004-10-15,3.742,4.150,1.198
2004-10-16,-0.337,3.174,1.192
2004-10-17,-0.012,2.847,1.090
2004-10-18,2.600,3.442,1.036
2004-10-19,4.383,4.123,1.037
2004-10-20,9.054,5.881,1.016
2004-10-21,9.408,6.600,1.075
2004-10-22,9.075,6.474,0.983
2004-10-23,7.404,5.422,0.916
2004-10-24,8.046,4.873,0.861
2004-10-25,9.283,5.629,0.853
2004-10-26,7.683,6.281,1.372
2004-10-27,5.729,5.231,1.704
2004-10-28,6.008,4.462,1.438
2004-10-29,7.104,5.148,1.495
2004-10-30,5.204,4.084,1.391
2004-10-31,4.400,4.380,1.325
2004-11-01,9.075,5.788,1.483
2004-11-02,9.392,5.688,2.497
2004-11-03,9.708,5.597,2.004
2004-11-04,8.467,5.678,1.665
2004-11-05,5.700,4.889,1.460
2004-11-06,1.617,4.170,1.322
2004-11-07,-2.254,2.094,1.226
2004-11-08,-4.758,1.383,1.171
2004-11-09,-7.533,0.505,1.109
2004-11-10,-6.229,0.833,1.059
2004-11-11,-2.796,1.463,1.020
2004-11-12,1.342,2.318,0.965
2004-11-13,-2.612,1.582,0.911
2004-11-14,-5.858,0.328,0.869
2004-11-15,-7.171,0.314,0.865
2004-11-16,-3.525,0.752,0.839
2004-11-17,-1.096,1.792,0.830
2004-11-18,-1.788,1.541,0.795
2004-11-19,-4.079,0.825,0.786
2004-11-20,-7.496,0.460,0.772
2004-11-21,-7.225,0.676,0.760
2004-11-22,-0.158,2.292,0.747
2004-11-23,0.629,2.591,0.742
2004-11-24,-1.704,1.599,0.725
2004-11-25,-1.383,1.146,0.703
2004-11-26,-1.900,0.954,0.691
2004-11-27,-1.958,1.507,0.690
2004-11-28,-0.567,1.210,0.667
2004-11-29,-0.138,1.995,0.667
2004-11-30,0.762,1.613,0.667
2004-12-01,-3.887,0.829,0.659
2004-12-02,-0.233,1.533,0.653
2004-12-03,-0.454,1.635,0.643
2004-12-04,-2.533,0.750,0.630
2004-12-05,-1.158,1.347,0.622
2004-12-06,-1.379,1.255,0.621
2004-12-07,0.217,1.285,0.600
2004-12-08,0.175,1.428,0.600
2004-12-09,0.629,1.486,0.600
2004-12-10,-0.675,0.763,0.599
2004-12-11,-0.104,0.747,0.579
2004-12-12,-0.579,0.675,0.579
2004-12-13,-1.517,0.577,0.578
2004-12-14,-2.658,0.395,0.562
2004-12-15,-1.446,0.605,0.558
2004-12-16,-0.642,0.956,0.556
2004-12-17,-0.813,1.678,0.558
2004-12-18,-6.563,0.341,0.543
2004-12-19,-4.800,0.578,0.561
2004-12-20,-7.996,0.497,0.517
2004-12-21,-11.454,0.212,0.461
2004-12-22,-11.713,0.255,0.489
2004-12-23,-2.517,0.407,0.576
2004-12-24,-4.400,0.469,0.554
2004-12-25,-0.429,1.189,0.538
2004-12-26,-4.046,1.579,0.537
2004-12-27,-5.288,1.480,0.518
2004-12-28,-5.246,1.388,0.518
2004-12-29,-7.108,0.862,0.517
2004-12-30,-10.946,0.226,0.495
2004-12-31,-6.500,0.315,0.519
2005-01-01,-3.829,1.037,0.518
2005-01-02,-2.492,1.439,0.499
2005-01-03,-5.025,1.256,0.499
2005-01-04,-5.458,0.756,0.498
2005-01-05,-3.358,0.770,0.480
2005-01-06,-1.388,1.546,0.480
2005-01-07,-2.492,0.950,0.480
2005-01-08,-0.167,1.061,0.480
2005-01-09,-2.021,1.162,0.480
2005-01-10,0.042,1.307,0.479
2005-01-11,-3.237,0.618,0.461
2005-01-12,-3.438,0.537,0.470
2005-01-13,-3.088,1.336,0.460
2005-01-14,-7.825,0.270,0.423
2005-01-15,-5.346,0.292,0.447
2005-01-16,-3.654,0.334,0.458
2005-01-17,-3.704,0.352,0.455
2005-01-18,-2.879,0.566,0.452
2005-01-19,-6.150,0.900,0.443
2005-01-20,-3.804,1.024,0.444
2005-01-21,-1.642,0.637,0.420
2005-01-22,-7.358,0.443,0.452
2005-01-23,-9.463,0.565,0.464
2005-01-24,-11.008,0.446,0.442
2005-01-25,-12.396,0.280,0.426
2005-01-26,-14.179,0.279,0.428
2005-01-27,-15.896,0.241,0.412
2005-01-28,-15.767,0.254,0.422
2005-01-29,-17.446,0.201,0.406
2005-01-30,-15.550,0.203,0.396
2005-01-31,-9.946,0.314,0.405
2005-02-01,-6.579,0.380,0.416
2005-02-02,-7.575,0.872,0.407
2005-02-03,-5.992,1.242,0.407
2005-02-04,-8.967,0.484,0.406
2005-02-05,-8.708,0.403,0.407
2005-02-06,-9.700,0.263,0.407
2005-02-07,-8.917,0.299,0.406
2005-02-08,-7.592,0.568,0.391
2005-02-09,-6.612,0.569,0.390
2005-02-10,-4.796,0.957,0.390
2005-02-11,-0.946,2.069,0.390
2005-02-12,1.321,2.461,0.395
2005-02-13,-4.733,0.764,0.385
2005-02-14,-8.246,0.553,0.390
2005-02-15,-9.688,0.638,0.389
2005-02-16,-11.008,0.506,0.384
2005-02-17,-12.529,0.216,0.394
2005-02-18,-13.608,0.178,0.399
2005-02-19,-10.454,0.346,0.405
2005-02-20,-8.471,0.750,0.406
2005-02-21,-9.929,1.073,0.390
2005-02-22,-11.692,0.595,0.388
2005-02-23,-13.171,0.226,0.390
2005-02-24,-11.525,0.229,0.386
2005-02-25,-11.321,0.271,0.388
2005-02-26,-11.433,0.261,0.388
2005-02-27,-11.987,0.447,0.379
2005-02-28,-16.929,0.239,0.373
2005-03-01,-14.492,0.165,0.370
2005-03-02,-11.550,0.241,0.362
2005-03-03,-8.387,0.478,0.358
2005-03-04,-8.533,1.158,0.369
2005-03-05,-9.387,1.024,0.384
2005-03-06,-9.917,1.180,0.384
2005-03-07,-13.271,0.833,0.384
2005-03-08,-7.954,1.229,0.384
2005-03-09,-5.408,1.579,0.381
2005-03-10,-6.913,1.457,0.375
2005-03-11,-5.246,0.801,0.361
2005-03-12,-5.462,1.180,0.381
2005-03-13,-5.558,1.480,0.386
2005-03-14,-2.288,1.493,0.381
2005-03-15,0.575,2.117,0.384
2005-03-16,2.296,2.130,0.400
2005-03-17,3.054,2.370,0.402
2005-03-18,3.754,2.769,0.419
2005-03-19,4.662,2.930,0.437
2005-03-20,4.662,3.274,0.483
2005-03-21,4.492,3.149,0.508
2005-03-22,5.479,2.988,0.509
2005-03-23,5.788,3.756,0.555
2005-03-24,5.767,3.627,0.624
2005-03-25,3.108,3.290,0.676
2005-03-26,3.708,3.287,0.646
2005-03-27,3.258,3.841,0.655
2005-03-28,3.371,3.796,0.691
2005-03-29,2.625,3.565,0.682
2005-03-30,2.300,3.954,0.672
2005-03-31,2.462,3.957,0.677
2005-04-01,2.404,3.975,0.681
2005-04-02,2.600,3.445,0.691
2005-04-03,2.379,3.278,0.696
2005-04-04,2.942,3.292,0.703
2005-04-05,3.329,3.425,0.654
2005-04-06,5.546,4.108,0.626
2005-04-07,5.638,4.024,0.646
2005-04-08,2.058,3.689,0.646
2005-04-09,-2.350,2.605,0.623
2005-04-10,-3.229,2.545,0.582
2005-04-11,-1.396,3.475,0.557
2005-04-12,1.975,4.758,0.582
2005-04-13,3.346,4.888,0.658
2005-04-14,5.008,4.612,0.688
2005-04-15,4.987,4.426,0.729
2005-04-16,3.913,3.513,0.729
2005-04-17,-0.304,3.392,0.677
2005-04-18,2.004,4.065,0.654
2005-04-19,1.658,4.067,0.646
2005-04-20,0.025,3.565,0.627
2005-04-21,-0.129,4.119,0.615
2005-04-22,0.975,3.664,0.587
2005-04-23,4.288,4.448,0.591
2005-04-24,5.942,4.718,0.616
2005-04-25,3.425,4.086,0.644
2005-04-26,4.458,4.919,0.645
2005-04-27,5.983,5.401,0.795
2005-04-28,6.254,4.855,0.919
2005-04-29,9.067,5.021,1.166
2005-04-30,10.583,5.052,1.639
2005-05-01,11.846,4.940,2.097
2005-05-02,13.075,4.775,2.726
2005-05-03,8.154,3.976,3.198
2005-05-04,6.275,4.265,3.140
2005-05-05,3.483,4.245,2.501
2005-05-06,2.404,3.688,1.976
2005-05-07,3.288,4.279,1.676
2005-05-08,0.917,3.946,1.504
2005-05-09,1.592,3.974,1.361
2005-05-10,2.321,3.995,1.259
2005-05-11,3.021,5.015,1.185
2005-05-12,6.008,5.333,1.234
2005-05-13,7.625,5.296,1.344
2005-05-14,7.579,5.142,1.548
2005-05-15,7.246,5.511,1.749
2005-05-16,5.404,4.542,1.868
2005-05-17,5.888,5.284,1.892
2005-05-18,3.817,3.940,2.042
2005-05-19,5.258,5.349,1.671
2005-05-20,9.408,5.767,1.817
2005-05-21,12.087,5.928,2.573
2005-05-22,11.500,4.679,4.100
2005-05-23,5.167,3.679,3.936
2005-05-24,7.167,5.384,3.134
2005-05-25,10.704,5.914,3.154
2005-05-26,13.842,5.807,3.844
2005-05-27,15.454,5.649,4.945
2005-05-28,14.283,5.551,6.103
2005-05-29,14.371,5.526,6.318
2005-05-30,12.696,5.797,6.199
2005-05-31,8.279,5.303,6.139
2005-06-01,8.879,5.334,4.850
2005-06-02,10.292,5.424,4.179
2005-06-03,14.054,6.360,4.209
2005-06-04,10.042,5.806,5.570
2005-06-05,8.304,5.560,4.696
2005-06-06,6.933,5.252,3.701
2005-06-07,4.692,5.008,3.241
2005-06-08,3.238,4.819,2.746
2005-06-09,2.617,4.169,2.371
2005-06-10,4.375,5.343,2.093
2005-06-11,7.800,6.133,2.070
2005-06-12,9.721,6.237,2.157
2005-06-13,11.092,6.500,2.321
2005-06-14,10.946,6.574,2.796
2005-06-15,10.108,6.619,3.277
2005-06-16,11.763,7.110,3.392
2005-06-17,12.700,7.288,3.470
2005-06-18,14.904,8.421,3.789
2005-06-19,15.129,8.185,4.018
2005-06-20,16.142,8.269,3.745
2005-06-21,16.350,8.547,3.643
2005-06-22,16.867,8.564,3.602
2005-06-23,18.071,9.108,3.524
2005-06-24,17.592,9.097,3.600
2005-06-25,14.288,8.231,4.120
2005-06-26,16.325,9.202,3.493
2005-06-27,17.600,9.395,3.294
2005-06-28,18.500,9.718,3.124
2005-06-29,15.017,8.751,3.136
2005-06-30,12.479,8.447,3.366
2005-07-01,8.754,7.049,3.255
2005-07-02,9.650,7.229,2.571
2005-07-03,13.625,8.961,2.283
2005-07-04,14.712,9.168,2.364
2005-07-05,5.979,6.605,3.033
2005-07-06,8.296,6.797,2.351
2005-07-07,6.717,6.924,2.542
2005-07-08,6.754,6.359,2.209
2005-07-09,8.067,6.541,2.078
2005-07-10,8.883,6.752,2.104
2005-07-11,9.492,6.815,2.447
2005-07-12,10.817,7.566,2.415
2005-07-13,12.913,8.789,2.252
2005-07-14,14.250,9.126,2.207
2005-07-15,15.629,9.069,2.147
2005-07-16,14.437,9.117,2.122
2005-07-17,15.733,9.514,2.040
2005-07-18,15.317,9.511,2.218
2005-07-19,9.938,7.972,3.184
2005-07-20,12.192,8.833,2.206
2005-07-21,10.925,8.442,2.088
2005-07-22,11.104,8.371,1.946
2005-07-23,10.633,8.310,1.840
2005-07-24,11.213,7.982,1.753
2005-07-25,14.788,9.232,1.782
2005-07-26,14.867,10.142,1.848
2005-07-27,17.537,10.267,1.783
2005-07-28,19.429,11.015,1.791
2005-07-29,18.654,10.456,1.770
2005-07-30,12.667,10.065,1.741
2005-07-31,10.296,8.244,1.653
2005-08-01,12.204,9.090,1.547
2005-08-02,11.763,9.026,1.971
2005-08-03,9.162,7.672,1.766
2005-08-04,8.662,7.153,1.684
2005-08-05,10.096,8.015,1.520
2005-08-06,10.075,8.260,1.629
2005-08-07,5.558,6.048,1.729
2005-08-08,5.254,6.093,1.633
2005-08-09,8.738,7.251,1.508
2005-08-10,10.975,8.227,1.457
2005-08-11,10.979,8.085,1.590
2005-08-12,10.638,8.462,1.899
2005-08-13,9.679,7.546,1.581
2005-08-14,8.242,7.035,1.669
2005-08-15,5.000,5.844,1.762
2005-08-16,6.996,6.368,1.815
2005-08-17,10.783,7.951,1.726
2005-08-18,13.179,8.671,1.727
2005-08-19,12.496,8.462,1.781
2005-08-20,8.304,7.236,3.251
2005-08-21,8.963,6.841,3.216
2005-08-22,9.904,7.214,5.299
2005-08-23,8.404,6.527,13.135
2005-08-24,9.379,6.915,6.381
2005-08-25,12.050,7.398,4.725
2005-08-26,10.942,7.958,4.094
2005-08-27,11.379,7.540,3.684
2005-08-28,9.783,7.203,3.502
2005-08-29,13.350,8.092,3.168
2005-08-30,14.617,8.587,2.923
2005-08-31,15.750,9.169,2.740
2005-09-01,15.363,9.173,2.572
2005-09-02,13.992,8.706,2.356
2005-09-03,13.783,8.198,2.274
2005-09-04,13.200,8.198,2.192
2005-09-05,12.775,7.980,2.074
2005-09-06,11.837,7.810,2.074
2005-09-07,12.200,8.005,1.831
2005-09-08,13.604,8.385,1.724
2005-09-09,12.246,8.335,1.973
2005-09-10,10.858,7.870,1.860
2005-09-11,10.221,7.778,1.751
2005-09-12,9.050,7.229,1.700
2005-09-13,10.725,8.016,1.630
2005-09-14,11.704,8.408,1.556
2005-09-15,11.004,7.820,1.511
2005-09-16,10.717,7.891,1.528
2005-09-17,3.796,6.453,1.727
2005-09-18,3.213,5.425,1.541
2005-09-19,4.863,6.251,1.490
2005-09-20,4.479,5.904,1.455
2005-09-21,7.050,6.510,1.405
2005-09-22,9.008,6.960,1.337
2005-09-23,8.929,6.633,1.248
2005-09-24,8.846,6.799,1.183
2005-09-25,8.771,6.540,1.134
2005-09-26,9.054,6.688,1.081
2005-09-27,8.400,6.697,1.144
2005-09-28,9.067,6.958,1.068
2005-09-29,6.675,6.406,1.253
2005-09-30,4.146,5.348,1.131
2005-10-01,6.608,5.653,1.280
2005-10-02,1.933,3.973,1.966
2005-10-03,2.371,3.610,1.644
2005-10-04,4.208,4.225,1.656
2005-10-05,4.392,4.633,1.696
2005-10-06,7.175,5.231,1.730
2005-10-07,7.521,5.396,1.847
2005-10-08,7.442,5.944,1.813
2005-10-09,7.787,6.308,1.842
2005-10-10,7.217,5.302,1.790
2005-10-11,6.242,5.106,1.721
2005-10-12,4.767,4.618,1.643
2005-10-13,4.917,4.127,1.561
2005-10-14,5.554,4.277,1.487
2005-10-15,7.517,4.499,1.461
2005-10-16,6.542,4.745,1.414
2005-10-17,5.175,4.315,1.356
2005-10-18,5.317,4.012,1.286
2005-10-19,7.417,4.406,1.230
2005-10-20,7.696,5.562,1.221
2005-10-21,6.196,4.924,1.176
2005-10-22,6.837,4.758,1.093
2005-10-23,6.225,5.234,1.092
2005-10-24,5.637,4.881,1.064
2005-10-25,6.254,4.594,0.996
2005-10-26,7.625,4.904,0.944
2005-10-27,9.946,4.983,0.925
2005-10-28,9.200,4.587,0.907
2005-10-29,8.125,4.292,0.889
2005-10-30,8.379,4.117,0.871
2005-10-31,8.946,4.491,0.856
2005-11-01,7.229,5.428,0.885
2005-11-02,5.133,4.759,0.878
2005-11-03,7.913,5.165,0.845
2005-11-04,7.083,5.158,0.823
2005-11-05,3.413,4.665,0.842
2005-11-06,2.829,4.350,0.824
2005-11-07,3.921,4.359,0.799
2005-11-08,4.129,3.303,0.763
2005-11-09,3.467,3.050,0.745
2005-11-10,1.350,2.597,0.724
2005-11-11,1.933,2.179,0.702
2005-11-12,2.050,1.968,0.685
2005-11-13,2.783,2.384,0.679
2005-11-14,2.262,1.931,0.674
2005-11-15,3.817,2.469,0.670
2005-11-16,2.379,3.090,0.690
2005-11-17,-4.029,1.439,0.650
2005-11-18,-6.096,0.574,0.634
2005-11-19,-8.012,0.543,0.634
2005-11-20,-5.583,0.286,0.644
2005-11-21,-3.817,1.153,0.655
2005-11-22,-7.838,0.397,0.633
2005-11-23,-9.529,0.219,0.623
2005-11-24,-12.163,0.189,0.602
2005-11-25,-7.817,0.288,0.640
2005-11-26,-8.233,0.505,0.624
2005-11-27,-9.721,0.416,0.614
2005-11-28,-8.950,0.334,0.604
2005-11-29,-5.587,1.003,0.599
2005-11-30,-7.513,0.715,0.579
2005-12-01,-8.154,0.220,0.572
2005-12-02,-2.904,0.608,0.566
2005-12-03,-1.779,0.991,0.579
2005-12-04,-2.446,1.150,0.578
2005-12-05,-2.058,1.419,0.558
2005-12-06,-4.058,1.467,0.558
2005-12-07,-5.021,1.436,0.558
2005-12-08,-6.625,0.910,0.558
2005-12-09,-7.696,0.706,0.555
2005-12-10,-10.888,0.195,0.550
2005-12-11,-8.521,0.248,0.546
2005-12-12,-3.538,0.361,0.541
2005-12-13,-2.350,1.351,0.537
2005-12-14,-5.100,1.287,0.518
2005-12-15,-8.267,0.310,0.517
2005-12-16,-3.121,0.388,0.514
2005-12-17,-6.846,0.225,0.511
2005-12-18,-10.125,0.265,0.508
2005-12-19,-9.079,0.312,0.505
2005-12-20,-7.692,0.718,0.502
2005-12-21,-9.392,0.389,0.498
2005-12-22,-5.496,1.049,0.480
2005-12-23,-2.750,1.739,0.480
2005-12-24,-4.083,1.317,0.480
2005-12-25,-6.388,0.749,0.480
2005-12-26,-9.025,0.282,0.471
2005-12-27,-11.013,0.249,0.459
2005-12-28,-12.971,0.232,0.461
2005-12-29,-16.288,0.200,0.437
2005-12-30,-16.150,0.195,0.434
2005-12-31,-3.171,0.385,0.469
2006-01-01,-4.454,1.298,0.460
2006-01-02,-5.729,1.084,0.443
2006-01-03,-6.458,1.257,0.442
2006-01-04,-11.708,0.294,0.395
2006-01-05,-11.092,0.224,0.420
2006-01-06,-9.758,0.251,0.437
2006-01-07,-9.175,0.275,0.431
2006-01-08,-8.488,0.291,0.424
2006-01-09,-9.079,0.298,0.416
2006-01-10,-9.604,0.272,0.407
2006-01-11,-8.517,0.278,0.407
2006-01-12,-8.283,0.274,0.407
2006-01-13,-7.783,0.253,0.406
2006-01-14,-7.508,0.267,0.390
2006-01-15,-8.408,0.250,0.390
2006-01-16,-9.862,0.242,0.390
2006-01-17,-4.317,0.508,0.393
2006-01-18,-2.937,0.759,0.405
2006-01-19,-5.404,0.787,0.390
2006-01-20,-3.542,0.934,0.390
2006-01-21,-2.571,1.518,0.390
2006-01-22,-5.471,1.283,0.389
2006-01-23,-10.146,0.545,0.345
2006-01-24,-9.967,0.203,0.353
2006-01-25,-7.433,0.307,0.391
2006-01-26,-10.008,0.273,0.376
2006-01-27,-5.850,0.638,0.367
2006-01-28,-1.667,1.109,0.362
2006-01-29,-1.446,1.345,0.363
2006-01-30,-1.579,1.310,0.356
2006-01-31,-1.650,1.087,0.356
2006-02-01,-0.879,1.108,0.356
2006-02-02,-2.779,0.893,0.356
2006-02-03,-4.113,0.604,0.357
2006-02-04,-6.496,0.379,0.361
2006-02-05,-8.063,0.489,0.340
2006-02-06,-5.942,1.061,0.339
2006-02-07,-4.892,1.516,0.339
2006-02-08,-6.454,1.168,0.339
2006-02-09,-6.050,1.206,0.339
2006-02-10,-8.200,0.919,0.339
2006-02-11,-9.967,0.516,0.328
2006-02-12,-11.675,0.188,0.337
2006-02-13,-9.117,0.245,0.336
2006-02-14,-4.975,0.437,0.344
2006-02-15,-1.962,1.340,0.339
2006-02-16,0.083,2.028,0.339
2006-02-17,-2.712,1.674,0.338
2006-02-18,-3.450,1.081,0.326
2006-02-19,-2.225,0.802,0.293
2006-02-20,-1.546,0.880,0.304
2006-02-21,-3.992,0.998,0.323
2006-02-22,-4.696,1.256,0.306
2006-02-23,-6.496,1.002,0.315
2006-02-24,-5.846,1.293,0.306
2006-02-25,-4.567,1.847,0.306
2006-02-26,-5.592,1.825,0.306
2006-02-27,-9.996,0.970,0.294
2006-02-28,-11.850,0.230,0.261
2006-03-01,-10.367,0.312,0.283
2006-03-02,-11.758,0.232,0.249
2006-03-03,-3.663,1.123,0.299
2006-03-04,-0.746,1.987,0.313
2006-03-05,-7.592,1.227,0.321
2006-03-06,-9.504,0.621,0.311
2006-03-07,-9.800,0.562,0.302
2006-03-08,-7.071,0.533,0.286
2006-03-09,0.475,1.463,0.314
2006-03-10,-2.546,1.942,0.306
2006-03-11,-6.004,1.209,0.306
2006-03-12,-11.979,0.349,0.283
2006-03-13,-13.737,0.183,0.240
2006-03-14,-8.625,0.309,0.295
2006-03-15,-5.650,0.847,0.294
2006-03-16,-5.346,1.380,0.289
2006-03-17,-4.817,1.120,0.288
2006-03-18,-3.313,1.290,0.290
2006-03-19,-0.717,1.547,0.287
2006-03-20,0.529,2.004,0.287
2006-03-21,1.929,2.707,0.309
2006-03-22,1.250,2.907,0.332
2006-03-23,-0.583,2.652,0.321
2006-03-24,0.429,2.505,0.306
2006-03-25,2.467,3.041,0.312
2006-03-26,4.900,3.554,0.354
2006-03-27,6.100,3.516,0.411
2006-03-28,0.833,2.549,0.399
2006-03-29,-0.763,2.675,0.354
2006-03-30,1.404,2.839,0.335
2006-03-31,3.854,3.937,0.373
2006-04-01,3.508,3.319,0.368
2006-04-02,3.979,4.153,0.390
2006-04-03,0.446,3.029,0.369
2006-04-04,0.975,2.829,0.343
2006-04-05,0.046,2.797,0.339
2006-04-06,-4.183,2.350,0.326
2006-04-07,-1.554,2.178,0.313
2006-04-08,2.246,2.989,0.334
2006-04-09,4.454,3.831,0.359
2006-04-10,1.496,3.350,0.403
2006-04-11,-4.600,1.330,0.393
2006-04-12,-3.879,2.135,0.367
2006-04-13,-0.971,2.942,0.355
2006-04-14,2.975,4.180,0.389
2006-04-15,4.992,3.712,0.438
2006-04-16,4.196,4.239,0.510
2006-04-17,4.033,4.042,0.533
2006-04-18,3.300,4.095,0.533
2006-04-19,3.721,4.489,0.574
2006-04-20,4.912,4.063,0.642
2006-04-21,5.967,4.028,0.739
2006-04-22,6.517,3.992,0.910
2006-04-23,6.304,3.971,1.218
2006-04-24,7.171,3.907,1.393
2006-04-25,6.908,3.883,1.454
2006-04-26,6.142,3.902,1.548
2006-04-27,5.612,3.815,1.686
2006-04-28,3.929,3.515,1.784
2006-04-29,0.579,3.255,1.580
2006-04-30,-0.308,3.584,1.361
2006-05-01,4.850,4.561,1.295
2006-05-02,6.442,4.633,1.343
2006-05-03,8.733,4.671,1.598
2006-05-04,10.167,4.669,2.098
2006-05-05,6.908,3.662,2.286
2006-05-06,6.213,4.298,2.309
2006-05-07,7.633,4.540,2.376
2006-05-08,7.450,4.327,2.444
2006-05-09,2.112,3.357,2.406
2006-05-10,5.867,4.947,1.986
2006-05-11,7.629,5.191,2.003
2006-05-12,8.588,4.939,2.204
2006-05-13,8.742,4.841,2.424
2006-05-14,4.833,4.115,2.602
2006-05-15,9.038,4.923,2.294
2006-05-16,10.575,5.378,2.742
2006-05-17,11.358,4.356,4.093
2006-05-18,11.417,4.287,5.157
2006-05-19,8.596,3.980,6.561
2006-05-20,8.008,4.199,5.037
2006-05-21,6.896,4.349,4.208
2006-05-22,10.379,5.099,4.128
2006-05-23,4.192,3.912,4.124
2006-05-24,3.842,3.744,3.410
2006-05-25,5.963,4.505,2.933
2006-05-26,9.675,5.586,2.898
2006-05-27,10.550,5.022,3.880
2006-05-28,9.325,4.453,4.431
2006-05-29,5.738,3.911,5.607
2006-05-30,0.033,2.660,4.044
2006-05-31,0.079,3.482,3.288
2006-06-01,0.287,3.402,2.849
2006-06-02,0.496,3.481,2.482
2006-06-03,3.033,4.234,2.230
2006-06-04,3.571,3.992,2.052
2006-06-05,4.267,4.425,1.915
2006-06-06,4.737,5.086,1.807
2006-06-07,5.413,5.650,1.699
2006-06-08,7.788,6.256,1.831
2006-06-09,8.796,6.099,2.159
2006-06-10,10.962,6.417,2.559
2006-06-11,12.367,6.363,3.180
2006-06-12,13.817,6.338,3.821
2006-06-13,14.592,6.259,4.689
2006-06-14,15.150,6.101,5.007
2006-06-15,17.083,6.301,5.017
2006-06-16,15.775,6.290,5.138
2006-06-17,14.392,6.238,5.048
2006-06-18,16.067,6.665,5.527
2006-06-19,16.904,6.858,5.530
2006-06-20,18.571,7.230,5.402
2006-06-21,18.533,7.589,5.332
2006-06-22,13.867,7.197,4.769
2006-06-23,14.542,7.996,4.471
2006-06-24,16.725,8.185,4.451
2006-06-25,16.821,8.277,4.802
2006-06-26,16.342,8.364,4.581
2006-06-27,16.604,8.489,3.948
2006-06-28,15.117,8.394,4.149
2006-06-29,11.425,7.168,4.198
2006-06-30,13.883,8.404,3.602
2006-07-01,14.396,8.662,3.325
2006-07-02,15.079,8.966,3.073
2006-07-03,16.721,9.205,2.946
2006-07-04,17.129,9.615,2.845
2006-07-05,17.000,9.334,2.966
2006-07-06,12.829,8.553,2.983
2006-07-07,10.913,7.563,2.821
2006-07-08,12.096,8.107,2.882
2006-07-09,14.846,8.797,2.768
2006-07-10,15.538,8.658,2.466
2006-07-11,17.096,9.963,2.386
2006-07-12,15.525,9.135,2.522
2006-07-13,14.863,8.849,2.477
2006-07-14,15.421,9.762,2.409
2006-07-15,16.783,10.408,2.265
2006-07-16,16.508,10.200,2.150
2006-07-17,16.787,10.055,2.015
2006-07-18,17.879,10.234,1.938
2006-07-19,18.967,10.197,1.859
2006-07-20,19.817,10.703,1.933
2006-07-21,16.337,10.060,2.183
2006-07-22,17.608,10.155,1.961
2006-07-23,16.396,10.256,2.127
2006-07-24,18.071,10.129,1.849
2006-07-25,19.058,10.660,1.802
2006-07-26,18.775,10.636,1.769
2006-07-27,18.483,10.308,1.713
2006-07-28,14.813,10.083,2.055
2006-07-29,12.850,9.039,2.087
2006-07-30,15.829,10.024,1.923
2006-07-31,15.275,10.240,2.181
2006-08-01,12.683,9.466,2.606
2006-08-02,11.708,8.837,2.832
2006-08-03,6.650,6.615,3.330
2006-08-04,6.887,6.330,3.126
2006-08-05,8.196,7.040,2.931
2006-08-06,8.125,6.840,3.109
2006-08-07,8.533,6.650,3.573
2006-08-08,9.838,7.141,3.380
2006-08-09,10.025,7.401,3.076
2006-08-10,7.529,6.339,2.834
2006-08-11,7.083,6.282,2.627
2006-08-12,5.021,5.732,2.543
2006-08-13,5.883,5.851,2.347
2006-08-14,7.300,6.311,2.225
2006-08-15,9.713,7.138,2.100
2006-08-16,10.108,7.341,1.985
2006-08-17,14.663,8.421,1.929
2006-08-18,13.842,8.963,2.264
2006-08-19,13.908,8.821,1.981
2006-08-20,10.738,7.624,1.915
2006-08-21,9.592,7.337,1.888
2006-08-22,9.254,7.234,1.769
2006-08-23,10.917,8.168,1.705
2006-08-24,10.458,7.954,1.771
2006-08-25,9.054,7.760,1.751
2006-08-26,9.550,7.941,1.676
2006-08-27,7.508,6.843,1.732
2006-08-28,7.333,6.644,1.953
2006-08-29,4.067,5.633,2.275
2006-08-30,3.358,5.005,2.198
2006-08-31,6.075,6.387,2.062
2006-09-01,10.046,6.924,1.988
2006-09-02,12.425,8.071,2.004
2006-09-03,12.858,8.055,1.988
2006-09-04,15.233,9.185,1.988
2006-09-05,15.554,8.866,1.881
2006-09-06,15.658,8.724,1.734
2006-09-07,14.921,9.217,1.755
2006-09-08,10.987,9.324,1.975
2006-09-09,12.675,8.302,1.661
2006-09-10,13.617,8.353,1.581
2006-09-11,13.346,8.865,1.525
2006-09-12,12.742,8.123,1.497
2006-09-13,12.767,7.734,1.462
2006-09-14,12.967,7.556,1.519
2006-09-15,13.546,7.995,1.846
2006-09-16,11.675,7.678,1.670
2006-09-17,9.929,7.742,2.452
2006-09-18,9.883,7.555,2.590
2006-09-19,8.558,6.918,2.446
2006-09-20,9.688,7.125,2.103
2006-09-21,11.800,7.381,1.920
2006-09-22,12.033,7.501,1.808
2006-09-23,13.233,7.954,1.708
2006-09-24,13.775,8.575,1.700
2006-09-25,10.554,7.844,1.707
2006-09-26,8.100,7.013,1.699
2006-09-27,9.262,7.330,1.599
2006-09-28,9.804,7.259,1.522
2006-09-29,10.625,7.335,1.465
2006-09-30,11.375,7.207,1.399
2006-10-01,11.871,7.805,1.334
2006-10-02,13.038,8.138,1.320
2006-10-03,12.308,7.755,1.579
2006-10-04,4.321,5.495,1.747
2006-10-05,3.687,5.119,1.443
2006-10-06,5.538,4.911,1.328
2006-10-07,5.479,5.180,1.345
2006-10-08,5.946,4.795,1.231
2006-10-09,7.854,5.228,1.161
2006-10-10,8.717,5.528,1.116
2006-10-11,9.337,5.468,1.054
2006-10-12,7.863,5.702,1.004
2006-10-13,7.912,5.778,0.967
2006-10-14,6.992,5.392,1.142
2006-10-15,6.967,5.538,1.049
2006-10-16,5.962,4.621,0.929
2006-10-17,6.162,4.447,0.876
2006-10-18,8.154,4.644,0.849
2006-10-19,9.100,5.638,0.824
2006-10-20,6.938,5.497,0.818
2006-10-21,7.200,5.461,0.796
2006-10-22,8.717,5.544,0.790
2006-10-23,10.904,6.009,0.776
2006-10-24,9.104,6.533,0.907
2006-10-25,7.125,4.948,0.740
2006-10-26,10.888,5.807,0.708
2006-10-27,10.037,6.093,0.683
2006-10-28,10.133,6.567,0.659
2006-10-29,7.075,6.242,1.001
2006-10-30,3.642,4.885,0.988
2006-10-31,7.133,4.547,0.895
2006-11-01,1.758,4.343,0.886
2006-11-02,-5.646,1.411,0.824
2006-11-03,-5.892,1.207,0.833
2006-11-04,-4.967,1.160,0.766
2006-11-05,-1.521,1.645,0.741
2006-11-06,1.117,2.229,0.724
2006-11-07,3.792,2.439,0.721
2006-11-08,2.825,2.623,0.697
2006-11-09,2.446,2.962,0.796
2006-11-10,0.929,2.402,0.767
2006-11-11,0.975,1.984,0.756
2006-11-12,0.496,2.189,0.770
2006-11-13,0.975,2.484,0.769
2006-11-14,4.271,3.496,0.854
2006-11-15,3.392,2.968,0.802
2006-11-16,4.904,2.988,0.784
2006-11-17,6.987,3.702,0.784
2006-11-18,4.846,3.859,0.790
2006-11-19,2.658,2.615,0.760
2006-11-20,-0.892,1.766,0.741
2006-11-21,0.404,1.726,0.750
2006-11-22,-3.058,1.349,0.727
2006-11-23,-0.217,2.029,0.742
2006-11-24,3.838,2.819,0.744
2006-11-25,6.858,3.814,0.766
2006-11-26,4.713,3.053,0.738
2006-11-27,3.621,2.279,0.716
2006-11-28,3.821,2.255,0.705
2006-11-29,0.813,2.029,0.693
2006-11-30,0.917,1.609,0.674
2006-12-01,0.996,1.062,0.632
2006-12-02,1.296,1.174,0.653
2006-12-03,2.992,2.162,0.665
2006-12-04,3.650,2.924,0.667
2006-12-05,3.800,3.038,0.664
2006-12-06,2.563,2.999,0.700
2006-12-07,0.212,2.287,0.676
2006-12-08,3.854,3.004,0.682
2006-12-09,-2.458,0.843,0.662
2006-12-10,-5.604,0.794,0.608
2006-12-11,-7.388,0.295,0.570
2006-12-12,-3.004,0.604,0.671
2006-12-13,-4.758,0.326,0.611
2006-12-14,-1.371,0.643,0.618
2006-12-15,-0.075,1.042,0.611
2006-12-16,0.333,1.423,0.605
2006-12-17,0.688,2.429,0.609
2006-12-18,-4.554,1.652,0.594
2006-12-19,-6.596,0.831,0.564
2006-12-20,-8.167,0.268,0.485
2006-12-21,-7.029,0.308,0.505
2006-12-22,-6.679,0.332,0.489
2006-12-23,-2.629,0.402,0.550
2006-12-24,-2.179,0.425,0.550
2006-12-25,-2.246,0.458,0.545
2006-12-26,-2.087,0.612,0.517
2006-12-27,-2.200,0.686,0.492
2006-12-28,-3.392,0.580,0.478
2006-12-29,-2.717,0.689,0.471
2006-12-30,-1.075,0.910,0.462
2006-12-31,1.067,1.523,0.447
2007-01-01,0.317,1.719,0.463
2007-01-02,-4.142,0.712,0.487
2007-01-03,-4.867,0.802,0.512
2007-01-04,-1.142,1.944,0.510
2007-01-05,-1.146,1.843,0.501
2007-01-06,-1.875,1.647,0.497
2007-01-07,-0.275,1.870,0.495
2007-01-08,-0.888,1.746,0.489
2007-01-09,0.862,2.269,0.543
2007-01-10,1.213,2.404,0.536
2007-01-11,-0.096,1.899,0.520
2007-01-12,1.196,2.118,0.531
2007-01-13,-0.254,1.551,0.518
2007-01-14,-0.067,1.122,0.503
2007-01-15,-1.192,0.354,0.483
2007-01-16,0.083,1.029,0.501
2007-01-17,-0.892,1.149,0.501
2007-01-18,1.821,2.028,0.509
2007-01-19,2.979,2.329,0.658
2007-01-20,1.587,2.329,0.625
2007-01-21,-1.029,1.967,0.569
2007-01-22,-1.988,1.526,0.545
2007-01-23,-0.604,2.297,0.542
2007-01-24,-9.908,0.642,0.505
2007-01-25,-12.083,0.279,0.474
2007-01-26,-12.487,0.276,0.436
2007-01-27,-8.554,0.366,0.517
2007-01-28,-6.646,0.407,0.508
2007-01-29,-7.742,0.337,0.490
2007-01-30,-4.550,0.744,0.483
2007-01-31,-2.925,0.866,0.473
2007-02-01,-1.858,1.380,0.467
2007-02-02,-1.554,1.328,0.457
2007-02-03,-1.567,1.834,0.453
2007-02-04,-3.525,0.554,0.433
2007-02-05,-0.750,1.089,0.435
2007-02-06,-3.129,1.317,0.431
2007-02-07,-2.267,1.691,0.426
2007-02-08,-1.888,1.381,0.415
2007-02-09,-1.467,1.234,0.404
2007-02-10,-2.150,1.115,0.398
2007-02-11,-1.162,1.730,0.396
2007-02-12,-0.475,1.901,0.398
2007-02-13,-2.025,1.460,0.390
2007-02-14,-1.892,1.395,0.379
2007-02-15,-1.096,1.696,0.381
2007-02-16,-1.521,0.847,0.369
2007-02-17,1.217,1.181,0.366
2007-02-18,-1.217,0.968,0.317
2007-02-19,0.483,1.865,0.372
2007-02-20,-0.483,1.111,0.358
2007-02-21,0.942,1.777,0.357
2007-02-22,1.808,2.628,0.363
2007-02-23,0.946,2.290,0.356
2007-02-24,0.421,2.048,0.353
2007-02-25,-0.637,1.812,0.353
2007-02-26,-1.904,1.983,0.355
2007-02-27,-2.221,1.873,0.357
2007-02-28,1.313,2.526,0.366
2007-03-01,1.279,2.823,0.360
2007-03-02,-0.921,2.094,0.356
2007-03-03,0.429,2.197,0.360
2007-03-04,0.742,2.445,0.353
2007-03-05,1.221,2.553,0.351
2007-03-06,3.213,2.576,0.355
2007-03-07,2.363,3.437,0.366
2007-03-08,0.433,3.210,0.357
2007-03-09,-0.538,2.061,0.340
2007-03-10,-2.775,1.819,0.333
2007-03-11,-3.546,0.946,0.311
2007-03-12,1.754,1.814,0.329
2007-03-13,2.500,2.222,0.333
2007-03-14,2.254,2.531,0.341
2007-03-15,3.246,2.701,0.355
2007-03-16,2.792,2.806,0.367
2007-03-17,1.608,2.836,0.370
2007-03-18,3.808,3.613,0.409
2007-03-19,-3.554,2.039,0.420
2007-03-20,-6.062,0.510,0.377
2007-03-21,-6.875,0.809,0.382
2007-03-22,-6.992,1.331,0.366
2007-03-23,-5.362,1.799,0.361
2007-03-24,-4.663,2.434,0.355
2007-03-25,-1.458,2.223,0.350
2007-03-26,1.800,3.045,0.361
2007-03-27,1.375,3.208,0.360
2007-03-28,0.442,2.756,0.353
2007-03-29,1.208,3.485,0.365
2007-03-30,1.371,3.439,0.373
2007-03-31,0.500,3.959,0.389
2007-04-01,2.608,3.840,0.403
2007-04-02,3.654,3.979,0.430
2007-04-03,1.938,3.776,0.451
2007-04-04,-0.396,3.851,0.455
2007-04-05,1.612,3.643,0.458
2007-04-06,4.233,3.920,0.513
2007-04-07,5.488,4.287,0.578
2007-04-08,3.946,4.363,0.634
2007-04-09,4.650,4.017,0.682
2007-04-10,5.625,4.198,0.726
2007-04-11,7.375,4.209,0.809
2007-04-12,8.158,4.496,1.010
2007-04-13,8.229,4.327,1.236
2007-04-14,8.733,4.503,1.410
2007-04-15,10.237,4.593,1.465
2007-04-16,9.925,4.663,1.602
2007-04-17,9.425,4.708,1.713
2007-04-18,6.908,4.007,1.668
2007-04-19,7.592,4.858,1.588
2007-04-20,8.033,5.047,1.623
2007-04-21,8.796,4.984,1.656
2007-04-22,9.579,5.084,1.666
2007-04-23,9.746,5.184,1.698
2007-04-24,9.854,5.295,1.715
2007-04-25,11.167,5.667,1.782
2007-04-26,10.567,6.033,2.042
2007-04-27,9.408,5.571,2.373
2007-04-28,10.508,5.692,2.194
2007-04-29,10.375,6.093,2.270
2007-04-30,6.525,4.804,2.240
2007-05-01,6.850,5.027,1.987
2007-05-02,6.513,4.844,1.839
2007-05-03,5.096,4.785,1.695
2007-05-04,5.592,4.755,1.631
2007-05-05,3.879,4.245,1.574
2007-05-06,4.163,4.286,1.536
2007-05-07,5.983,5.521,1.468
2007-05-08,8.354,6.221,1.497
2007-05-09,8.579,5.676,1.742
2007-05-10,8.954,6.012,1.790
2007-05-11,9.696,5.793,1.807
2007-05-12,9.979,6.443,2.007
2007-05-13,11.550,6.086,2.265
2007-05-14,11.117,6.015,2.805
2007-05-15,2.717,3.592,2.567
2007-05-16,4.129,4.734,1.846
2007-05-17,2.292,3.968,1.851
2007-05-18,6.538,6.138,1.773
2007-05-19,10.225,6.973,1.705
2007-05-20,13.454,7.715,1.881
2007-05-21,13.704,7.767,2.579
2007-05-22,12.117,6.782,3.600
2007-05-23,12.146,7.255,3.375
2007-05-24,13.538,7.278,3.425
2007-05-25,12.725,7.036,3.640
2007-05-26,11.600,6.930,3.739
2007-05-27,11.171,6.681,3.463
2007-05-28,2.375,3.873,2.930
2007-05-29,1.112,2.777,2.327
2007-05-30,3.558,5.097,2.179
2007-05-31,7.721,5.967,2.248
2007-06-01,4.958,5.083,2.376
2007-06-02,5.908,5.459,2.295
2007-06-03,10.533,7.118,2.404
2007-06-04,11.096,7.242,2.635
2007-06-05,11.425,7.654,2.908
2007-06-06,12.221,7.702,3.159
2007-06-07,13.163,8.169,3.257
2007-06-08,12.054,7.777,3.590
2007-06-09,11.813,7.657,3.537
2007-06-10,12.387,7.558,3.599
2007-06-11,11.913,7.562,3.522
2007-06-12,12.471,7.850,3.347
2007-06-13,11.367,7.663,3.446
2007-06-14,13.971,8.230,3.341
2007-06-15,9.842,7.461,4.488
2007-06-16,8.942,6.921,3.880
2007-06-17,13.179,7.832,3.278
2007-06-18,13.337,8.757,3.386
2007-06-19,15.954,9.463,3.177
2007-06-20,17.229,9.813,3.105
2007-06-21,11.988,8.316,3.418
2007-06-22,9.329,7.544,3.140
2007-06-23,9.629,7.978,2.959
2007-06-24,15.042,9.241,2.583
2007-06-25,13.217,8.852,2.697
2007-06-26,7.700,7.139,3.405
2007-06-27,6.621,6.633,2.778
2007-06-28,7.754,7.822,2.502
2007-06-29,11.142,8.729,2.377
2007-06-30,12.196,8.445,2.331
2007-07-01,14.533,9.322,2.292
2007-07-02,7.983,7.279,4.639
2007-07-03,10.158,7.613,3.916
2007-07-04,6.571,6.560,4.459
2007-07-05,5.250,5.678,3.723
2007-07-06,8.429,6.422,3.363
2007-07-07,12.792,8.675,3.154
2007-07-08,13.875,8.766,3.052
2007-07-09,7.579,7.026,4.511
2007-07-10,5.013,6.024,4.250
2007-07-11,5.925,6.184,3.789
2007-07-12,8.158,6.813,3.556
2007-07-13,13.425,8.356,3.399
2007-07-14,17.046,9.645,3.291
2007-07-15,18.300,9.954,3.143
2007-07-16,18.062,9.382,2.902
2007-07-17,16.958,9.780,2.660
2007-07-18,16.538,10.395,2.505
2007-07-19,18.063,9.800,2.349
2007-07-20,17.358,9.223,2.192
2007-07-21,15.862,9.757,2.077
2007-07-22,10.813,8.555,2.030
2007-07-23,15.021,9.230,1.909
2007-07-24,9.692,8.197,2.059
2007-07-25,11.096,8.891,1.852
2007-07-26,14.208,9.567,1.789
2007-07-27,14.850,10.139,1.749
2007-07-28,15.138,10.057,1.713
2007-07-29,13.442,9.058,1.668
2007-07-30,7.708,7.847,1.690
2007-07-31,7.371,7.203,1.579
2007-08-01,12.471,8.435,1.542
2007-08-02,11.663,8.650,1.567
2007-08-03,8.112,7.400,1.709
2007-08-04,11.104,8.752,1.545
2007-08-05,14.221,9.536,1.515
2007-08-06,15.333,9.726,1.497
2007-08-07,12.925,9.214,1.507
2007-08-08,10.808,9.336,2.164
2007-08-09,7.058,7.354,2.179
2007-08-10,7.712,7.143,1.933
2007-08-11,9.858,7.937,1.783
2007-08-12,13.087,8.664,1.711
2007-08-13,12.921,9.101,1.728
2007-08-14,13.596,9.469,1.903
2007-08-15,17.429,10.385,1.745
2007-08-16,12.254,9.823,1.847
2007-08-17,8.175,7.616,2.141
2007-08-18,10.583,8.578,1.797
2007-08-19,10.242,8.239,1.836
2007-08-20,7.992,7.285,1.969
2007-08-21,8.562,7.268,1.952
2007-08-22,9.808,7.724,1.835
2007-08-23,10.054,7.894,1.756
2007-08-24,10.979,8.052,1.697
2007-08-25,14.338,9.425,1.667
2007-08-26,14.287,9.370,1.655
2007-08-27,13.612,8.852,1.652
2007-08-28,11.525,8.446,1.938
2007-08-29,10.904,8.471,2.512
2007-08-30,8.792,7.788,4.435
2007-08-31,8.325,7.938,3.184
2007-09-01,8.737,7.320,2.576
2007-09-02,9.425,7.453,2.249
2007-09-03,9.813,8.050,2.194
2007-09-04,2.513,4.910,2.225
2007-09-05,0.542,3.551,2.066
2007-09-06,3.183,4.383,1.977
2007-09-07,6.317,6.760,2.116
2007-09-08,8.125,7.333,2.041
2007-09-09,7.763,7.062,2.043
2007-09-10,7.887,6.442,1.989
2007-09-11,5.362,6.100,2.081
2007-09-12,5.813,5.789,1.897
2007-09-13,8.467,6.148,1.825
2007-09-14,10.129,6.947,1.780
2007-09-15,10.338,7.479,1.766
2007-09-16,11.808,7.709,1.727
2007-09-17,11.417,7.813,1.718
2007-09-18,5.333,5.973,2.815
2007-09-19,3.142,5.011,2.159
2007-09-20,5.379,5.268,1.968
2007-09-21,8.696,6.227,1.876
2007-09-22,10.504,7.037,1.809
2007-09-23,10.725,7.260,1.760
2007-09-24,10.604,7.167,1.718
2007-09-25,3.733,5.330,1.707
2007-09-26,0.425,3.880,1.736
2007-09-27,1.596,4.682,1.705
2007-09-28,2.633,4.435,1.692
2007-09-29,4.787,4.947,1.665
2007-09-30,6.392,5.404,1.680
2007-10-01,9.208,6.236,1.683
2007-10-02,10.467,6.980,1.685
2007-10-03,11.762,7.205,1.677
2007-10-04,9.771,7.005,2.482
2007-10-05,11.383,7.571,2.106
2007-10-06,9.442,7.342,1.965
2007-10-07,6.737,5.816,1.853
2007-10-08,5.813,4.964,1.756
2007-10-09,6.196,5.454,1.702
2007-10-10,5.396,5.510,1.663
2007-10-11,4.492,5.004,1.621
2007-10-12,5.067,4.830,1.582
2007-10-13,3.896,4.471,1.545
2007-10-14,5.733,4.406,1.502
2007-10-15,6.925,4.782,1.462
2007-10-16,6.304,4.591,1.415
2007-10-17,5.396,4.156,1.371
2007-10-18,2.083,3.800,1.371
2007-10-19,-1.471,2.706,1.301
2007-10-20,-3.729,1.876,1.242
2007-10-21,-4.900,1.674,1.206
2007-10-22,-4.737,1.938,1.188
2007-10-23,-3.392,2.357,1.145
2007-10-24,-0.450,3.026,1.095
2007-10-25,1.433,2.985,1.045
2007-10-26,3.450,3.626,1.033
2007-10-27,3.750,4.065,1.011
2007-10-28,3.196,3.937,0.986
2007-10-29,3.925,3.452,0.958
2007-10-30,1.367,3.234,0.954
2007-10-31,0.613,3.393,0.941
2007-11-01,0.621,2.607,0.901
2007-11-02,3.204,3.093,0.896
2007-11-03,3.904,3.469,0.887
2007-11-04,2.242,3.381,0.869
2007-11-05,0.867,2.002,0.816
2007-11-06,-1.167,1.686,0.806
2007-11-07,-2.154,1.803,0.839
2007-11-08,-0.296,2.326,0.835
2007-11-09,-4.050,0.731,0.743
2007-11-10,-4.475,0.251,0.738
2007-11-11,-0.267,0.708,0.863
2007-11-12,-4.354,1.104,0.839
2007-11-13,-6.508,1.178,0.809
2007-11-14,-5.263,1.426,0.802
2007-11-15,-9.071,1.089,0.778
2007-11-16,-13.296,0.275,0.731
2007-11-17,-11.571,0.323,0.748
2007-11-18,-8.854,0.385,0.758
2007-11-19,-4.146,1.087,0.734
2007-11-20,-1.467,1.639,0.746
2007-11-21,2.475,2.657,0.769
2007-11-22,2.729,3.049,0.791
2007-11-23,2.613,3.061,0.917
2007-11-24,0.529,2.908,0.843
2007-11-25,-0.504,2.929,0.778
2007-11-26,-3.571,1.651,0.741
2007-11-27,-7.350,0.346,0.696
2007-11-28,-3.625,0.794,0.719
2007-11-29,-2.608,1.115,0.697
2007-11-30,-0.692,2.119,0.693
2007-12-01,0.958,2.554,0.686
2007-12-02,1.187,2.460,0.674
2007-12-03,-2.129,1.416,0.679
2007-12-04,-4.058,0.597,0.667
2007-12-05,-1.758,1.713,0.657
2007-12-06,0.279,2.340,0.648
2007-12-07,1.108,2.903,0.664
2007-12-08,-3.358,1.634,0.638
2007-12-09,-3.313,1.362,0.627
2007-12-10,-3.750,1.306,0.615
2007-12-11,-3.662,1.310,0.615
2007-12-12,-4.571,1.728,0.599
2007-12-13,-8.017,0.614,0.547
2007-12-14,-11.050,0.323,0.513
2007-12-15,-13.508,0.305,0.446
2007-12-16,-12.168,0.364,0.496
2007-12-17,-5.510,0.410,0.522
2007-12-18,-9.025,0.432,0.538
2007-12-19,-7.100,0.469,0.571
2007-12-20,-5.117,0.507,0.560
2007-12-21,-3.708,0.579,0.557
2007-12-22,-4.042,1.115,0.523
2007-12-23,-3.717,1.318,0.505
2007-12-24,-5.433,0.967,0.488
2007-12-25,-6.175,0.466,0.474
2007-12-26,-4.233,0.932,0.468
2007-12-27,-6.917,0.586,0.452
2007-12-28,-5.067,0.495,0.443
2007-12-29,-5.633,0.394,0.430
2007-12-30,-3.850,1.293,0.435
2007-12-31,-6.150,1.665,0.424
2008-01-01,-12.054,0.417,0.404
2008-01-02,-10.313,0.383,0.404
2008-01-03,-4.833,0.684,0.403
2008-01-04,-1.658,1.349,0.403
2008-01-05,0.642,1.727,0.416
2008-01-06,-0.992,1.677,0.414
2008-01-07,-1.217,2.022,0.400
2008-01-08,-6.800,0.463,0.374
2008-01-09,-4.108,1.170,0.371
2008-01-10,-3.904,1.008,0.363
2008-01-11,0.521,1.693,0.368
2008-01-12,-1.217,1.483,0.369
2008-01-13,-4.396,1.201,0.344
2008-01-14,-3.375,1.218,0.339
2008-01-15,-2.317,1.211,0.338
2008-01-16,0.071,1.313,0.337
2008-01-17,-2.688,1.462,0.337
2008-01-18,-1.275,1.655,0.333
2008-01-19,-1.129,1.728,0.320
2008-01-20,-1.875,1.171,0.308
2008-01-21,-0.463,1.300,0.318
2008-01-22,-2.313,1.174,0.339
2008-01-23,-8.692,0.363,0.296
2008-01-24,-1.942,1.139,0.338
2008-01-25,-1.688,1.573,0.320
2008-01-26,-3.508,0.597,0.311
2008-01-27,1.362,1.443,0.314
2008-01-28,1.217,1.974,0.310
2008-01-29,1.104,1.609,0.299
2008-01-30,-0.746,1.963,0.296
2008-01-31,-3.375,1.645,0.283
2008-02-01,-0.683,1.159,0.296
2008-02-02,-4.492,1.224,0.272
2008-02-03,-4.458,0.412,0.275
2008-02-04,-0.033,1.260,0.334
2008-02-05,-2.850,1.314,0.335
2008-02-06,-1.283,1.797,0.336
2008-02-07,-4.825,1.275,0.311
2008-02-08,-6.746,0.394,0.327
2008-02-09,-3.229,0.844,0.341
2008-02-10,-3.371,0.862,0.316
2008-02-11,-3.771,0.701,0.292
2008-02-12,-3.792,0.631,0.298
2008-02-13,-3.896,0.560,0.285
2008-02-14,-4.425,0.480,0.293
2008-02-15,-5.342,0.713,0.281
2008-02-16,-7.692,0.358,0.242
2008-02-17,-5.229,0.420,0.298
2008-02-18,-4.804,0.549,0.310
2008-02-19,-2.150,1.029,0.287
2008-02-20,-1.571,1.142,0.293
2008-02-21,0.650,2.244,0.328
2008-02-22,0.817,2.321,0.354
2008-02-23,2.254,2.631,0.358
2008-02-24,4.317,2.541,0.380
2008-02-25,2.462,2.464,0.387
2008-02-26,1.921,2.275,0.385
2008-02-27,1.425,3.150,0.396
2008-02-28,1.825,2.763,0.391
2008-02-29,2.425,3.474,0.399
2008-03-01,1.808,2.687,0.421
2008-03-02,1.254,2.650,0.419
2008-03-03,1.396,2.748,0.408
2008-03-04,-4.325,1.732,0.410
2008-03-05,-7.971,0.589,0.344
2008-03-06,-10.662,0.374,0.410
2008-03-07,-3.642,1.206,0.462
2008-03-08,-3.629,2.073,0.435
2008-03-09,-0.383,2.454,0.413
2008-03-10,1.258,2.425,0.413
2008-03-11,-0.696,2.475,0.392
2008-03-12,0.825,2.775,0.405
2008-03-13,-1.438,2.465,0.390
2008-03-14,1.367,3.316,0.392
2008-03-15,3.329,2.923,0.391
2008-03-16,0.692,2.966,0.401
2008-03-17,-0.583,3.091,0.399
2008-03-18,-5.038,2.420,0.384
2008-03-19,-7.367,0.782,0.346
2008-03-20,-7.504,1.316,0.363
2008-03-21,-4.804,1.151,0.380
2008-03-22,-6.271,1.586,0.367
2008-03-23,-6.562,1.258,0.370
2008-03-24,-7.633,1.702,0.367
2008-03-25,-8.383,0.506,0.343
2008-03-26,-3.950,1.790,0.367
2008-03-27,-2.608,2.433,0.366
2008-03-28,-0.975,2.539,0.366
2008-03-29,0.975,3.435,0.377
2008-03-30,3.904,3.097,0.389
2008-03-31,1.729,3.882,0.408
2008-04-01,1.383,4.180,0.441
2008-04-02,-0.954,2.357,0.451
2008-04-03,-2.521,1.670,0.420
2008-04-04,-2.096,3.055,0.419
2008-04-05,-2.483,2.853,0.414
2008-04-06,-2.783,2.435,0.412
2008-04-07,-5.846,1.914,0.394
2008-04-08,-1.612,2.832,0.408
2008-04-09,2.596,3.367,0.411
2008-04-10,4.813,4.318,0.457
2008-04-11,3.192,3.718,0.629
2008-04-12,-1.692,2.616,0.628
2008-04-13,-0.121,3.658,0.541
2008-04-14,-0.962,3.120,0.529
2008-04-15,-2.258,2.457,0.516
2008-04-16,-2.283,3.716,0.505
2008-04-17,1.492,3.581,0.503
2008-04-18,4.642,4.312,0.525
2008-04-19,3.696,4.544,0.585
2008-04-20,4.733,4.377,0.659
2008-04-21,2.925,3.609,0.807
2008-04-22,0.704,2.558,0.784
2008-04-23,1.858,3.320,0.722
2008-04-24,3.158,4.285,0.716
2008-04-25,2.242,3.854,0.721
2008-04-26,3.667,4.269,0.755
2008-04-27,5.500,4.359,0.918
2008-04-28,7.096,3.888,1.291
2008-04-29,2.417,3.492,1.515
2008-04-30,4.133,3.937,1.438
2008-05-01,2.221,3.953,1.435
2008-05-02,5.104,4.189,1.443
2008-05-03,6.725,4.235,1.643
2008-05-04,8.108,3.579,2.113
2008-05-05,6.246,3.625,2.832
2008-05-06,6.908,3.708,3.031
2008-05-07,7.504,3.928,3.185
2008-05-08,8.067,3.889,3.512
2008-05-09,9.088,3.949,3.781
2008-05-10,9.375,4.037,4.077
2008-05-11,8.096,4.094,4.330
2008-05-12,7.875,4.161,4.328
2008-05-13,8.583,4.133,4.408
2008-05-14,9.300,4.191,4.396
2008-05-15,9.167,4.316,4.325
2008-05-16,9.775,4.349,4.552
2008-05-17,8.658,4.131,4.820
2008-05-18,3.383,3.387,4.741
2008-05-19,6.837,4.789,4.075
2008-05-20,5.354,4.232,3.891
2008-05-21,4.700,4.568,3.701
2008-05-22,5.146,4.381,3.770
2008-05-23,7.583,4.852,3.923
2008-05-24,9.667,4.949,4.097
2008-05-25,11.300,4.918,4.584
2008-05-26,11.554,4.710,5.447
2008-05-27,15.800,4.927,6.925
2008-05-28,17.575,4.657,9.347
2008-05-29,15.921,4.947,9.822
2008-05-30,11.179,4.525,10.011
2008-05-31,10.504,4.837,7.383
2008-06-01,13.063,5.549,6.542
2008-06-02,13.883,5.717,6.852
2008-06-03,9.987,5.380,7.208
2008-06-04,8.767,4.936,6.965
2008-06-05,8.921,4.999,6.471
2008-06-06,9.233,5.042,7.597
2008-06-07,6.762,4.720,7.456
2008-06-08,8.987,5.604,6.463
2008-06-09,9.692,5.589,6.365
2008-06-10,10.500,5.805,6.259
2008-06-11,9.204,5.402,5.862
2008-06-12,9.758,5.808,5.775
2008-06-13,5.013,5.178,5.337
2008-06-14,4.854,4.565,4.498
2008-06-15,4.567,4.760,4.004
2008-06-16,7.175,5.610,3.757
2008-06-17,8.258,5.448,4.192
2008-06-18,10.067,6.272,4.403
2008-06-19,13.008,6.870,4.839
2008-06-20,14.033,7.212,5.329
2008-06-21,15.738,7.342,5.708
2008-06-22,17.567,7.639,5.983
2008-06-23,16.492,7.671,6.036
2008-06-24,16.529,7.788,6.074
2008-06-25,18.242,8.353,6.131
2008-06-26,14.921,8.435,5.921
2008-06-27,13.862,7.267,5.116
2008-06-28,14.188,7.848,4.644
2008-06-29,15.317,8.203,5.012
2008-06-30,14.417,8.053,5.148
2008-07-01,14.783,8.319,4.646
2008-07-02,14.183,8.211,4.354
2008-07-03,13.375,7.843,4.188
2008-07-04,10.254,7.795,4.293
2008-07-05,12.767,7.821,3.780
2008-07-06,11.604,7.327,4.212
2008-07-07,8.979,6.956,8.238
2008-07-08,9.829,6.988,5.689
2008-07-09,10.958,7.654,4.796
2008-07-10,14.117,8.285,4.436
2008-07-11,15.008,8.464,4.215
2008-07-12,10.962,8.042,4.819
2008-07-13,7.421,6.720,8.979
2008-07-14,4.758,5.439,7.542
2008-07-15,9.196,7.031,6.386
2008-07-16,13.121,7.897,5.804
2008-07-17,10.717,7.223,5.629
2008-07-18,9.900,6.642,5.119
2008-07-19,13.204,7.846,4.563
2008-07-20,12.342,8.141,4.478
2008-07-21,8.487,6.825,4.473
2008-07-22,5.754,5.884,3.936
2008-07-23,8.283,6.696,3.674
2008-07-24,10.796,7.825,3.487
2008-07-25,13.725,8.374,3.365
2008-07-26,14.192,8.469,3.246
2008-07-27,13.933,8.838,3.228
2008-07-28,14.121,8.945,3.202
2008-07-29,15.004,9.138,3.053
2008-07-30,15.317,8.833,2.800
2008-07-31,16.071,9.341,2.618
2008-08-01,14.321,9.186,3.106
2008-08-02,14.396,9.848,3.503
2008-08-03,15.896,10.389,2.893
2008-08-04,13.854,8.687,2.589
2008-08-05,12.808,8.686,2.355
2008-08-06,14.546,9.699,2.325
2008-08-07,14.729,10.063,2.348
2008-08-08,10.367,8.638,2.991
2008-08-09,9.254,8.137,2.717
2008-08-10,12.817,8.328,2.259
2008-08-11,14.483,9.155,2.133
2008-08-12,14.250,8.372,2.060
2008-08-13,11.121,8.867,1.981
2008-08-14,12.054,9.185,1.899
2008-08-15,7.183,7.320,3.389
2008-08-16,8.008,7.548,3.357
2008-08-17,9.163,7.456,3.026
2008-08-18,12.338,8.417,2.631
2008-08-19,14.004,9.274,2.401
2008-08-20,10.408,8.922,2.351
2008-08-21,13.129,9.173,2.114
2008-08-22,13.046,8.931,2.017
2008-08-23,8.358,7.650,1.952
2008-08-24,8.538,7.489,1.853
2008-08-25,11.071,8.157,1.760
2008-08-26,11.754,8.337,1.701
2008-08-27,12.867,8.782,1.664
2008-08-28,12.508,8.663,1.631
2008-08-29,12.708,8.506,1.594
2008-08-30,13.958,8.964,1.563
2008-08-31,14.696,9.167,1.552
2008-09-01,12.283,8.971,1.606
2008-09-02,13.067,8.803,1.539
2008-09-03,13.008,8.342,1.502
2008-09-04,12.029,8.058,1.571
2008-09-05,13.483,8.825,1.640
2008-09-06,15.388,9.350,1.519
2008-09-07,7.187,7.301,1.726
2008-09-08,9.092,8.097,1.595
2008-09-09,11.942,8.066,1.496
2008-09-10,12.058,8.510,1.582
2008-09-11,14.088,9.245,1.523
2008-09-12,10.671,8.509,1.508
2008-09-13,7.458,7.367,2.187
2008-09-14,3.517,5.776,2.374
2008-09-15,1.908,4.627,1.894
2008-09-16,1.888,4.888,1.725
2008-09-17,4.346,4.867,1.626
2008-09-18,6.650,5.721,1.574
2008-09-19,6.225,6.207,1.577
2008-09-20,5.150,6.014,1.515
2008-09-21,3.083,5.660,1.478
2008-09-22,2.613,4.440,1.440
2008-09-23,3.183,4.978,1.413
2008-09-24,3.796,5.102,1.364
2008-09-25,3.392,4.763,1.333
2008-09-26,4.262,5.489,1.284
2008-09-27,4.042,5.138,1.233
2008-09-28,4.638,5.024,1.180
2008-09-29,5.517,5.397,1.135
2008-09-30,5.908,6.003,1.095
2008-10-01,6.679,6.309,1.043
2008-10-02,5.250,5.498,1.031
2008-10-03,-0.325,3.120,1.168
2008-10-04,-1.325,2.933,1.047
2008-10-05,0.692,2.983,1.032
2008-10-06,6.025,4.736,1.101
2008-10-07,8.288,5.765,1.135
2008-10-08,7.904,5.921,1.094
2008-10-09,6.812,5.273,0.993
2008-10-10,7.796,5.609,0.960
2008-10-11,8.200,5.514,0.941
2008-10-12,8.325,5.406,0.924
2008-10-13,10.525,6.403,0.918
2008-10-14,9.325,6.911,0.916
2008-10-15,8.429,6.320,0.908
2008-10-16,6.971,5.802,0.918
2008-10-17,2.504,4.876,0.928
2008-10-18,4.650,4.360,0.885
2008-10-19,4.679,4.319,0.859
2008-10-20,5.404,4.081,0.836
2008-10-21,7.200,4.834,0.825
2008-10-22,6.058,5.588,0.814
2008-10-23,3.792,5.227,0.810
2008-10-24,6.692,5.187,0.790
2008-10-25,5.258,5.061,0.772
2008-10-26,5.979,4.505,0.755
2008-10-27,6.800,4.647,0.746
2008-10-28,2.458,4.779,0.753
2008-10-29,-0.500,2.982,1.239
2008-10-30,-2.179,2.386,1.161
2008-10-31,0.421,2.894,0.928
2008-11-01,4.396,4.282,0.982
2008-11-02,6.275,4.419,0.900
2008-11-03,6.258,4.069,1.231
2008-11-04,5.004,3.962,1.597
2008-11-05,5.667,3.959,1.519
2008-11-06,2.558,3.193,1.326
2008-11-07,1.938,3.336,1.213
2008-11-08,2.642,3.590,1.102
2008-11-09,2.737,3.271,0.993
2008-11-10,2.867,2.877,0.936
2008-11-11,2.979,2.924,0.901
2008-11-12,0.300,2.642,0.906
2008-11-13,-1.446,2.461,0.880
2008-11-14,-1.679,1.797,0.822
2008-11-15,-1.625,1.437,0.795
2008-11-16,-0.300,1.909,0.785
2008-11-17,-1.329,2.133,0.733
2008-11-18,-2.650,1.437,0.740
2008-11-19,-0.537,2.484,0.736
2008-11-20,-1.004,1.784,0.789
2008-11-21,-1.933,1.057,0.705
2008-11-22,-7.708,0.276,0.478
2008-11-23,-9.387,0.359,0.826
2008-11-24,-7.425,0.431,0.796
2008-11-25,-7.675,0.766,0.790
2008-11-26,-10.608,0.620,0.727
2008-11-27,-7.996,0.752,0.711
2008-11-28,-4.492,1.317,0.702
2008-11-29,-2.392,1.646,0.697
2008-11-30,-1.892,1.571,0.680
2008-12-01,-3.979,1.324,0.676
2008-12-02,-5.733,1.459,0.652
2008-12-03,-7.650,0.642,0.658
2008-12-04,-5.237,1.259,0.630
2008-12-05,-2.542,1.765,0.625
2008-12-06,-4.508,1.541,0.609
2008-12-07,-5.179,1.735,0.602
2008-12-08,-7.988,0.462,0.591
2008-12-09,-4.304,1.165,0.584
2008-12-10,-4.458,1.623,0.587
2008-12-11,-6.430,1.631,0.579
2008-12-12,-7.046,1.380,0.572
2008-12-13,-4.242,1.686,0.568
2008-12-14,0.667,1.213,0.550
2008-12-15,1.896,1.843,0.555
2008-12-16,0.087,2.313,0.548
2008-12-17,-3.254,2.064,0.538
2008-12-18,-5.271,1.737,0.527
2008-12-19,-3.163,1.645,0.522
2008-12-20,-2.188,1.444,0.524
2008-12-21,0.254,2.255,0.523
2008-12-22,-1.379,1.929,0.508
2008-12-23,-2.825,1.743,0.500
2008-12-24,-5.200,0.724,0.489
2008-12-25,-4.896,0.952,0.488
2008-12-26,-7.475,0.398,0.481
2008-12-27,-11.171,0.374,0.471
2008-12-28,-9.171,0.440,0.462
2008-12-29,-6.658,0.511,0.452
2008-12-30,-5.288,0.642,0.442
2008-12-31,-3.221,1.265,0.432
2009-01-01,-6.163,0.896,0.442
2009-01-02,-9.654,0.449,0.450
2009-01-03,-12.500,0.356,0.445
2009-01-04,-8.917,0.452,0.443
2009-01-05,-11.033,0.496,0.440
2009-01-06,-10.262,0.830,0.438
2009-01-07,-9.183,0.801,0.436
2009-01-08,-8.771,0.620,0.434
2009-01-09,-7.808,0.607,0.432
2009-01-10,-6.717,0.521,0.430
2009-01-11,-6.817,0.490,0.426
2009-01-12,-4.483,0.778,0.423
2009-01-13,-5.392,0.831,0.420
2009-01-14,-4.737,1.329,0.425
2009-01-15,-6.200,1.147,0.417
2009-01-16,-6.125,0.786,0.411
2009-01-17,-5.683,0.770,0.406
2009-01-18,-2.992,1.176,0.397
2009-01-19,-2.038,1.460,0.395
2009-01-20,-2.642,1.016,0.393
2009-01-21,-4.896,1.624,0.391
2009-01-22,-8.038,0.678,0.389
2009-01-23,-4.438,0.744,0.386
2009-01-24,-5.946,0.848,0.384
2009-01-25,-6.729,0.746,0.382
2009-01-26,-8.017,0.557,0.380
2009-01-27,-6.800,1.315,0.378
2009-01-28,-7.375,1.317,0.376
2009-01-29,-8.692,0.507,0.374
2009-01-30,-6.500,0.678,0.372
2009-01-31,-8.650,0.416,0.370
2009-02-01,-7.858,0.451,0.368
2009-02-02,-2.508,0.715,0.366
2009-02-03,-1.175,1.287,0.364
2009-02-04,-1.833,1.458,0.361
2009-02-05,0.125,1.638,0.360
2009-02-06,0.479,1.888,0.360
2009-02-07,-0.850,1.916,0.364
2009-02-08,-4.779,1.624,0.358
2009-02-09,-5.358,1.140,0.355
2009-02-10,-2.092,1.681,0.358
2009-02-11,-7.292,0.692,0.355
2009-02-12,-9.346,0.849,0.351
2009-02-13,-10.875,0.586,0.348
2009-02-14,-11.371,0.517,0.340
2009-02-15,-12.975,0.394,0.327
2009-02-16,-8.171,0.736,0.349
2009-02-17,-5.592,0.713,0.349
2009-02-18,-11.371,0.396,0.327
2009-02-19,-13.650,0.361,0.318
2009-02-20,-8.283,0.557,0.359
2009-02-21,-4.737,1.870,0.345
2009-02-22,-4.179,2.016,0.345
2009-02-23,-3.892,1.860,0.346
2009-02-24,-4.704,1.546,0.349
2009-02-25,-7.617,0.689,0.335
2009-02-26,-3.350,1.705,0.344
2009-02-27,-2.433,2.272,0.348
2009-02-28,-0.729,2.287,0.349
2009-03-01,0.758,2.504,0.348
2009-03-02,0.458,2.932,0.352
2009-03-03,-0.954,2.755,0.355
2009-03-04,-0.146,1.965,0.354
2009-03-05,-2.779,1.972,0.356
2009-03-06,-4.167,1.980,0.350
2009-03-07,-5.721,1.679,0.340
2009-03-08,-5.583,1.001,0.327
2009-03-09,-4.642,1.272,0.339
2009-03-10,-4.125,1.818,0.342
2009-03-11,-4.079,1.075,0.337
2009-03-12,-5.533,1.610,0.336
2009-03-13,-0.358,2.661,0.341
2009-03-14,0.079,2.293,0.340
2009-03-15,0.317,3.044,0.344
2009-03-16,-2.087,2.089,0.343
2009-03-17,-0.242,2.318,0.342
2009-03-18,-1.046,2.118,0.341
2009-03-19,-3.063,1.604,0.340
2009-03-20,-6.854,1.227,0.338
2009-03-21,-9.088,0.448,0.340
2009-03-22,-4.862,1.206,0.344
2009-03-23,-1.142,2.389,0.348
2009-03-24,-4.358,1.532,0.347
2009-03-25,-4.308,1.756,0.343
2009-03-26,-2.400,2.095,0.345
2009-03-27,1.100,3.255,0.351
2009-03-28,2.579,3.269,0.359
2009-03-29,-2.637,2.474,0.357
2009-03-30,-1.096,3.269,0.352
2009-03-31,1.596,3.436,0.359
2009-04-01,4.763,3.779,0.399
2009-04-02,6.629,3.279,0.521
2009-04-03,3.650,3.070,0.621
2009-04-04,3.587,3.438,0.631
2009-04-05,3.983,3.741,0.680
2009-04-06,4.600,3.500,0.742
2009-04-07,4.508,3.590,0.791
2009-04-08,4.625,3.534,0.803
2009-04-09,5.125,3.652,0.838
2009-04-10,4.921,3.595,0.913
2009-04-11,4.933,3.680,0.964
2009-04-12,5.592,3.991,1.041
2009-04-13,5.446,3.828,1.164
2009-04-14,5.429,3.782,1.296
2009-04-15,6.362,3.788,1.380
2009-04-16,4.754,3.528,1.425
2009-04-17,1.942,3.475,1.331
2009-04-18,2.767,3.950,1.173
2009-04-19,4.463,4.206,1.119
2009-04-20,5.954,4.336,1.201
2009-04-21,5.792,3.962,1.328
2009-04-22,5.571,3.970,1.479
2009-04-23,2.125,3.966,1.530
2009-04-24,1.858,3.580,1.463
2009-04-25,5.292,4.015,1.460
2009-04-26,6.571,3.874,1.480
2009-04-27,5.742,3.673,1.677
2009-04-28,1.696,3.538,1.725
2009-04-29,0.029,3.257,1.580
2009-04-30,1.450,4.001,1.432
2009-05-01,4.925,4.670,1.395
2009-05-02,4.658,4.427,1.522
2009-05-03,6.037,4.646,1.626
2009-05-04,3.000,4.134,1.624
2009-05-05,2.075,3.968,1.520
2009-05-06,5.637,4.759,1.551
2009-05-07,8.825,4.796,1.659
2009-05-08,9.958,4.843,1.880
2009-05-09,10.254,4.612,2.494
2009-05-10,10.113,4.216,3.409
2009-05-11,10.437,4.325,3.553
2009-05-12,11.038,4.357,3.632
2009-05-13,11.475,4.438,3.962
2009-05-14,10.758,4.406,4.318
2009-05-15,9.158,4.442,4.205
2009-05-16,8.788,4.811,4.143
2009-05-17,11.279,4.895,4.281
2009-05-18,8.713,4.855,5.070
2009-05-19,10.208,4.880,5.156
2009-05-20,11.896,5.092,5.014
2009-05-21,13.371,5.210,5.043
2009-05-22,13.013,5.034,5.499
2009-05-23,15.567,5.437,5.757
2009-05-24,15.954,5.441,6.361
2009-05-25,16.446,5.499,6.694
2009-05-26,13.563,5.596,6.694
2009-05-27,6.604,4.984,6.409
2009-05-28,6.408,4.332,4.794
2009-05-29,6.746,5.338,3.991
2009-05-30,7.446,5.225,3.598
2009-05-31,5.854,5.080,3.330
2009-06-01,7.521,5.676,3.122
2009-06-02,8.525,5.448,3.144
2009-06-03,9.083,5.541,3.180
2009-06-04,7.612,5.587,3.141
2009-06-05,9.650,5.926,3.196
2009-06-06,5.933,4.666,4.908
2009-06-07,8.196,5.597,4.340
2009-06-08,8.846,5.698,3.773
2009-06-09,8.537,5.800,3.532
2009-06-10,10.017,6.374,3.752
2009-06-11,9.804,6.097,3.660
2009-06-12,9.321,6.311,3.677
2009-06-13,12.087,7.090,4.004
2009-06-14,15.258,6.864,4.333
2009-06-15,15.575,7.103,5.182
2009-06-16,11.142,6.099,6.478
2009-06-17,12.450,6.617,4.887
2009-06-18,15.721,7.453,4.696
2009-06-19,11.833,6.925,5.342
2009-06-20,6.688,5.659,5.227
2009-06-21,5.279,4.693,3.890
2009-06-22,3.846,4.740,3.380
2009-06-23,4.858,5.012,3.118
2009-06-24,8.296,6.681,2.820
2009-06-25,11.796,7.924,2.850
2009-06-26,11.413,7.279,3.127
2009-06-27,10.617,6.895,3.659
2009-06-28,13.142,7.602,3.906
2009-06-29,12.725,7.707,4.149
2009-06-30,12.900,7.687,4.110
2009-07-01,13.542,7.705,4.099
2009-07-02,13.646,7.773,4.049
2009-07-03,13.179,7.591,3.861
2009-07-04,14.354,7.997,3.852
2009-07-05,13.871,7.859,4.214
2009-07-06,12.525,7.421,4.316
2009-07-07,9.017,6.688,4.832
2009-07-08,7.775,6.376,4.486
2009-07-09,8.471,6.268,3.742
2009-07-10,7.879,6.095,3.428
2009-07-11,8.304,6.175,3.102
2009-07-12,11.275,6.879,2.902
2009-07-13,16.350,8.683,3.063
2009-07-14,17.504,9.128,3.427
2009-07-15,14.988,8.743,3.642
2009-07-16,16.763,9.403,3.437
2009-07-17,11.154,8.063,4.757
2009-07-18,3.554,4.008,4.939
2009-07-19,8.187,6.399,4.521
2009-07-20,11.363,7.392,4.621
2009-07-21,15.450,8.032,4.620
2009-07-22,16.367,8.546,4.486
2009-07-23,18.067,9.223,4.583
2009-07-24,13.517,8.902,4.582
2009-07-25,9.146,7.155,4.328
2009-07-26,11.471,7.627,3.550
2009-07-27,15.800,8.929,3.378
2009-07-28,12.600,9.323,3.840
2009-07-29,15.746,9.277,3.311
2009-07-30,13.413,9.331,3.101
2009-07-31,13.892,8.956,2.955
2009-08-01,16.608,9.601,2.791
2009-08-02,12.221,8.809,2.839
2009-08-03,9.821,7.645,3.249
2009-08-04,9.825,7.055,3.241
2009-08-05,12.454,8.600,2.635
2009-08-06,14.871,9.034,2.448
2009-08-07,15.129,9.523,2.336
2009-08-08,13.187,8.855,2.758
2009-08-09,14.100,9.189,2.572
2009-08-10,12.450,9.041,3.577
2009-08-11,12.808,8.650,3.767
2009-08-12,12.796,8.648,3.096
2009-08-13,13.487,8.629,2.812
2009-08-14,13.333,9.132,2.822
2009-08-15,15.629,9.312,2.500
2009-08-16,16.512,9.687,2.327
2009-08-17,15.862,9.360,2.234
2009-08-18,15.746,9.688,2.241
2009-08-19,17.208,9.844,2.038
2009-08-20,18.221,9.819,1.981
2009-08-21,15.008,9.728,2.192
2009-08-22,11.579,8.884,2.078
2009-08-23,13.538,9.205,1.876
2009-08-24,15.942,9.692,1.814
2009-08-25,15.350,9.697,1.783
2009-08-26,13.612,9.216,1.806
2009-08-27,14.721,9.171,1.714
2009-08-28,14.983,9.512,1.675
2009-08-29,8.687,8.151,1.703
2009-08-30,8.571,7.401,1.597
2009-08-31,13.646,8.468,1.546
2009-09-01,15.746,9.195,1.525
2009-09-02,14.179,9.628,1.525
2009-09-03,13.404,9.251,1.527
2009-09-04,9.225,8.291,1.632
2009-09-05,5.221,6.430,1.567
2009-09-06,6.275,6.435,1.416
2009-09-07,9.783,6.801,1.323
2009-09-08,11.150,7.446,1.249
2009-09-09,10.492,7.641,1.195
2009-09-10,10.158,7.613,1.157
2009-09-11,9.838,7.791,1.139
2009-09-12,8.858,7.283,1.108
2009-09-13,8.508,7.108,1.070
2009-09-14,4.650,5.927,1.159
2009-09-15,8.217,6.506,1.027
2009-09-16,11.529,7.620,1.026
2009-09-17,10.792,7.808,1.023
2009-09-18,12.133,8.279,0.995
2009-09-19,11.333,8.014,0.974
2009-09-20,10.213,7.747,0.957
2009-09-21,11.329,8.228,0.932
2009-09-22,11.300,7.924,0.908
2009-09-23,11.512,7.868,0.891
2009-09-24,11.625,7.997,0.879
2009-09-25,11.050,8.411,0.874
2009-09-26,10.425,7.874,0.872
2009-09-27,10.017,7.750,0.910
2009-09-28,9.496,7.250,0.874
2009-09-29,9.363,6.853,0.820
2009-09-30,9.862,7.252,0.797
2009-10-01,9.850,7.251,0.785
2009-10-02,7.650,6.596,0.770
2009-10-03,6.833,5.627,0.739
2009-10-04,7.200,5.800,0.720
2009-10-05,9.629,6.274,0.707
2009-10-06,11.888,7.344,0.703
2009-10-07,13.929,7.880,0.692
2009-10-08,11.550,7.915,0.690
2009-10-09,9.771,7.498,0.732
2009-10-10,7.208,6.808,0.817
2009-10-11,6.213,6.421,0.791
2009-10-12,1.417,3.525,0.792
2009-10-13,-1.462,2.094,0.775
2009-10-14,-3.604,2.016,0.753
2009-10-15,-5.629,1.557,0.714
2009-10-16,-2.600,2.410,0.715
2009-10-17,-2.529,2.281,0.713
2009-10-18,-3.438,2.385,0.695
2009-10-19,-4.421,0.861,0.649
2009-10-20,-1.812,1.277,0.666
2009-10-21,4.933,2.994,0.709
2009-10-22,4.183,3.779,1.178
2009-10-23,2.025,3.400,0.806
2009-10-24,3.100,4.080,0.760
2009-10-25,6.433,4.841,0.783
2009-10-26,4.546,4.357,0.764
2009-10-27,3.875,3.255,0.723
2009-10-28,6.571,3.687,0.703
2009-10-29,6.146,3.940,0.692
2009-10-30,4.233,3.346,0.676
2009-10-31,3.929,2.953,0.660
2009-11-01,5.138,3.242,0.653
2009-11-02,2.746,3.192,0.676
2009-11-03,-1.342,2.330,0.680
2009-11-04,-0.767,2.327,0.671
2009-11-05,-2.804,1.319,0.636
2009-11-06,-1.600,1.980,0.641
2009-11-07,-1.146,1.512,0.622
2009-11-08,-2.017,2.022,0.633
2009-11-09,-1.796,2.232,0.626
2009-11-10,-2.283,2.149,0.621
2009-11-11,-2.817,1.841,0.598
2009-11-12,-1.667,1.230,0.599
2009-11-13,2.296,2.721,0.606
2009-11-14,3.088,2.902,0.613
2009-11-15,2.933,3.059,0.605
2009-11-16,4.383,3.863,0.656
2009-11-17,4.833,3.183,0.640
2009-11-18,4.300,3.518,0.636
2009-11-19,3.225,2.085,0.594
2009-11-20,5.867,3.127,0.602
2009-11-21,4.567,2.334,0.580
2009-11-22,3.792,2.722,0.574
2009-11-23,2.358,2.450,0.564
2009-11-24,1.942,2.837,0.583
2009-11-25,1.704,1.845,0.548
2009-11-26,0.933,1.798,0.540
2009-11-27,0.433,1.751,0.526
2009-11-28,-0.954,0.973,0.479
2009-11-29,3.504,1.587,0.502
2009-11-30,-1.279,0.641,0.509
2009-12-01,-3.592,0.955,0.543
2009-12-02,-5.617,0.584,0.495
2009-12-03,-4.375,0.543,0.509
2009-12-04,-3.642,1.095,0.516
2009-12-05,-4.900,0.796,0.499
2009-12-06,-1.050,1.898,0.499
2009-12-07,0.929,2.717,0.506
2009-12-08,-1.725,1.540,0.504
2009-12-09,-4.967,0.824,0.465
2009-12-10,-2.158,1.295,0.494
2009-12-11,-3.346,1.370,0.477
2009-12-12,-5.683,1.135,0.455
2009-12-13,-8.758,0.387,0.402
2009-12-14,-10.929,0.339,0.339
2009-12-15,-13.746,0.322,0.306
2009-12-16,-15.875,0.338,0.336
2009-12-17,-15.550,0.356,0.385
2009-12-18,-14.767,0.409,0.453
2009-12-19,-13.942,0.446,0.494
2009-12-20,-13.804,0.440,0.472
2009-12-21,-5.017,0.564,0.466
2009-12-22,0.892,0.682,0.463
2009-12-23,-0.479,1.333,0.479
2009-12-24,2.358,1.880,0.524
2009-12-25,-1.483,0.823,0.723
2009-12-26,-8.900,0.333,0.519
2009-12-27,-8.004,0.392,0.522
2009-12-28,-7.175,0.816,0.496
2009-12-29,-1.571,2.091,0.489
2009-12-30,-0.646,2.035,0.483
2009-12-31,-2.400,1.806,0.469
