DateTime,Air Temperature (1.5m)
2015-12-12,16.199235
2015-12-13,16.149772
2015-12-14,11.6568572
2015-12-15,10.092288
2015-12-16,11.5171311
2015-12-17,10.081791
2015-12-18,8.0744512
2015-12-19,7.116496
2015-12-20,11.7084574
2015-12-21,13.0469663
2015-12-22,16.333091
2015-12-23,13.5874415
2015-12-24,11.0026532
2015-12-25,13.4531704
2015-12-26,15.5106209
2015-12-27,14.99710928
2015-12-28,14.984124
2015-12-29,16.017011
2015-12-30,14.133867
2015-12-31,13.965764
2016-01-01,15.687498
2016-01-02,17.968783
2016-01-03,17.672852
2016-01-04,16.422985
2016-01-05,10.0128
2016-01-06,11.298628
2016-01-07,12.723703
2016-01-08,14.94046523
2016-01-09,17.26257
2016-01-10,14.835336
2016-01-11,13.0851448
2016-01-12,15.3683451
2016-01-13,14.309152939
2016-01-14,12.6696608
2016-01-15,16.3701217
2016-01-16,16.670569
2016-01-17,16.392992
2016-01-18,17.793557
2016-01-19,19.118338
2016-01-20,18.90389
2016-01-21,17.529326
2016-01-22,17.090045
2016-01-23,16.4436151
2016-01-24,18.001706
2016-01-25,18.77736
2016-01-26,19.124268
2016-01-27,20.080928
2016-01-28,17.476334
2016-01-29,15.582996
2016-01-30,17.401879
2016-01-31,17.846493
2016-02-01,16.775654
2016-02-02,17.260796
2016-02-03,18.69042
2016-02-04,19.422087
2016-02-05,18.68535
2016-02-06,17.114197
2016-02-07,18.305652
2016-02-08,18.10476
2016-02-09,17.389817
2016-02-10,17.43365
2016-02-11,17.418358
2016-02-12,18.37227
2016-02-13,18.665308
2016-02-14,18.464438
2016-02-15,18.982015
2016-02-16,18.441623
2016-02-17,18.834822
2016-02-18,17.3358
2016-02-19,17.83187
2016-02-20,15.083092
2016-02-21,15.3561884
2016-02-22,16.125382
2016-02-23,17.472885
2016-02-24,16.408065
2016-02-25,15.383788
2016-02-26,14.53287082
2016-02-27,18.38311
2016-02-28,15.6630665
2016-02-29,20.425346
2016-03-01,16.66823
2016-03-02,14.36549639
2016-03-03,13.350814
2016-03-04,14.14907917
2016-03-05,16.1659541
2016-03-06,16.90938
2016-03-07,15.8773149
2016-03-08,18.454947
2016-03-09,17.5987
2016-03-10,14.972298
2016-03-11,14.718412878
2016-03-12,10.6053027
2016-03-13,9.3343569
2016-03-14,12.0349932
2016-03-15,13.236958
2016-03-16,14.581638
2016-03-17,14.15131127
2016-03-18,12.8570452
2016-03-19,16.213889
2016-03-20,16.832788
2016-03-21,16.843721
2016-03-22,17.156907
2016-03-23,16.772454
2016-03-24,18.430733
2016-03-25,18.5021208
2016-03-26,15.28443156
2016-03-27,14.4559321
2016-03-28,14.91512845
2016-03-29,14.8344707
2016-03-30,12.482146
2016-03-31,12.052744
2016-04-01,11.3688569
2016-04-02,13.653198
2016-04-03,16.5509139
2016-04-04,16.328076
2016-04-05,12.174725
2016-04-06,9.2810668
2016-04-07,7.45127236
2016-04-08,11.7099812
2016-04-09,12.3951988
2016-04-10,12.802905
2016-04-11,14.58072845
2016-04-12,12.9867049
2016-04-13,13.20573
2016-04-14,11.1807546
2016-04-15,7.111805
2016-04-16,9.112006
2016-04-17,8.7210932
2016-04-18,10.6128852
2016-04-19,11.245056
2016-04-20,8.639308
2016-04-21,9.6940051
2016-04-22,10.1811007
2016-04-23,11.4790903
2016-04-24,11.068368
2016-04-25,11.426204
2016-04-26,9.1644925
2016-04-27,10.0203192
2016-04-28,10.3156911
2016-04-29,10.0596852
2016-04-30,9.3153734
2016-05-01,8.674455
2016-05-02,10.209173
2016-05-03,11.994902
2016-05-04,12.4688754
2016-05-05,12.6441871
2016-05-06,13.6573769
2016-05-07,14.398132
2016-05-08,9.837616
2016-05-09,10.271487
2016-05-10,10.933721
2016-05-11,10.53116
2016-05-12,13.9516994
2016-05-13,13.0168026
2016-05-14,12.883892
2016-05-15,11.929486
2016-05-16,12.0800934
2016-05-17,11.907395
2016-05-18,6.4812929
2016-05-19,7.4891222
2016-05-20,8.6736817
2016-05-21,10.6770244
2016-05-22,8.6798158
2016-05-23,5.098458
2016-05-24,4.2511695
2016-05-25,7.964776
2016-05-26,8.3441108
2016-05-27,8.57227
2016-05-28,9.059004
2016-05-29,11.307178
2016-05-30,9.257894
2016-05-31,7.224193
2016-06-01,3.7640885
2016-06-02,3.40328268
2016-06-03,2.271447
2016-06-04,1.8001988
2016-06-05,3.6927594
2016-06-06,2.4361546
2016-06-07,2.8914983
2016-06-08,2.4016438
2016-06-09,5.6168063
2016-06-10,12.97221
2016-06-11,14.512875
2016-06-12,9.6988521
2016-06-13,7.9239088
2016-06-14,2.6153885
2016-06-15,5.543261
2016-06-16,7.6814396
2016-06-17,6.623111
2016-06-18,4.6991455
2016-06-19,6.713346
2016-06-20,7.4923578
2016-06-21,9.0304672
2016-06-22,8.7423207
2016-06-23,12.8435372
2016-06-24,11.285902
2016-06-25,7.928976
2016-06-26,7.94285269
2016-06-27,9.3200385
2016-06-28,7.3339565
2016-06-29,8.6138103
2016-06-30,7.3806935
2016-07-01,5.725217
2016-07-02,1.9071177
2016-07-03,2.0179702
2016-07-04,5.430158
2016-07-05,4.1046965
2016-07-06,7.480184
2016-07-07,5.7484234
2016-07-08,6.627533
2016-07-09,8.4785547
2016-07-10,5.4099075
2016-07-11,5.3931655
2016-07-12,3.8819024
2016-07-13,3.3772428
2016-07-14,3.845742
2016-07-15,6.953533
2016-07-16,5.6808578
2016-07-17,4.4223112
2016-07-18,5.6318691
2016-07-19,2.4280233
2016-07-20,4.5142263
2016-07-21,6.508785
2016-07-22,5.8346624
2016-07-23,3.628478417
2016-07-24,12.135214
2016-07-25,8.212223
2016-07-26,5.1091256
2016-07-27,4.4465521
2016-07-28,5.6374385
2016-07-29,6.7317144
2016-07-30,4.875451
2016-07-31,5.9795858
2016-08-01,3.1218378
2016-08-02,5.490685
2016-08-03,4.8430716
2016-08-04,7.234276
2016-08-05,5.7539543
2016-08-06,3.5799332
2016-08-07,1.3845414
2016-08-08,0.9699843
2016-08-09,0.6326994
2016-08-10,1.829498
2016-08-11,2.738239
2016-08-12,5.23133
2016-08-13,5.736882
2016-08-14,7.66277558
2016-08-15,6.209924
2016-08-16,5.1585483
2016-08-17,4.8351702
2016-08-18,4.1481039
2016-08-19,3.4194117
2016-08-20,5.5931926
2016-08-21,4.7447359
2016-08-22,4.352735
2016-08-23,5.9023246
2016-08-24,7.537195
2016-08-25,5.61923
2016-08-26,9.2673112
2016-08-27,11.395397
2016-08-28,6.4501367
2016-08-29,7.12752037
2016-08-30,6.5330742
2016-08-31,7.637227
2016-09-01,5.5513324
2016-09-02,6.436475
2016-09-03,9.654554
2016-09-04,9.073283
2016-09-05,9.9289989
2016-09-06,8.4059155
2016-09-07,7.532444
2016-09-08,5.743232
2016-09-09,1.4220935
2016-09-10,1.637966
2016-09-11,4.1059448
2016-09-12,5.129728
2016-09-13,6.183652
2016-09-14,8.5663392
2016-09-15,10.035493
2016-09-16,10.6960756
2016-09-17,11.810418
2016-09-18,12.666324
2016-09-19,10.5762823
2016-09-20,7.5200085
2016-09-21,6.5840035
2016-09-22,6.265239
2016-09-23,8.1494286
2016-09-24,8.548318
2016-09-25,10.744382
2016-09-26,8.9943693
2016-09-27,9.244688
2016-09-28,10.8237507
2016-09-29,11.7510182
2016-09-30,10.91981
2016-10-01,11.808467
2016-10-02,10.699843
2016-10-03,12.6698886
2016-10-04,10.595494
2016-10-05,10.544946
2016-10-06,10.1816688
2016-10-07,8.255383
2016-10-08,5.872087
2016-10-09,8.62819
2016-10-10,8.9536228
2016-10-11,9.4578888
2016-10-12,11.8928418
2016-10-13,12.159125
2016-10-14,8.337871
2016-10-15,7.779573
2016-10-16,5.6373344
2016-10-17,8.926475
2016-10-18,11.3813517
2016-10-19,11.217652
2016-10-20,11.5110935
2016-10-21,12.0824052
2016-10-22,9.289702
2016-10-23,7.3976746
2016-10-24,9.471125
2016-10-25,14.052473269
2016-10-26,13.974904
2016-10-27,11.505224
2016-10-28,10.5774492
2016-10-29,11.693702
2016-10-30,7.192879686
2016-10-31,4.765598
2016-11-01,6.1167127
2016-11-02,8.420968
2016-11-03,10.5403911
2016-11-04,9.518974
2016-11-05,7.7193256
2016-11-06,9.105793
2016-11-07,12.1568346
2016-11-08,11.196749
2016-11-09,8.9129444
2016-11-10,12.878806
2016-11-11,14.514984
2016-11-12,15.456588
2016-11-13,13.64709864
2016-11-14,8.6941275
2016-11-15,12.142532
2016-11-16,14.655871424
2016-11-17,11.1082175
2016-11-18,7.84461179
2016-11-19,7.383321
2016-11-20,10.8829708
2016-11-21,10.3249207
2016-11-22,10.892018
2016-11-23,14.32869
2016-11-24,14.152152651
2016-11-25,14.6502212
2016-11-26,14.355798
2016-11-27,11.8633048
2016-11-28,9.119599
2016-11-29,8.0515583
2016-11-30,10.509627
2016-12-01,11.4636491
2016-12-02,13.7089167
2016-12-03,12.2246845
2016-12-04,12.5359828
2016-12-05,12.9205295
2016-12-06,14.053742
2016-12-07,15.1157535
2016-12-08,15.844991
2016-12-09,14.891785
2016-12-10,18.29416
2016-12-11,16.650696
2016-12-12,10.109457
2016-12-13,9.094476
2016-12-14,9.2997096
2016-12-15,11.2109487
2016-12-16,12.639182
2016-12-17,10.790707
2016-12-18,15.079651
2016-12-19,16.188996
2016-12-20,10.84447
2016-12-21,13.049104
2016-12-22,14.95806328
2016-12-23,17.270497
2016-12-24,9.4435012
2016-12-25,9.308398
2016-12-26,11.9856782
2016-12-27,15.0255493
2016-12-28,14.746327
2016-12-29,15.939028
2016-12-30,9.0460873
2016-12-31,11.3608478
2017-01-01,13.9610604
2017-01-02,14.81072
2017-01-03,15.7368012
2017-01-04,14.735176
2017-01-05,11.6933596
2017-01-06,7.550955
2017-01-07,8.7698086
2017-01-08,12.0900543
2017-01-09,11.567783
2017-01-10,13.2651804
2017-01-11,16.46443
2017-01-12,16.45641
2017-01-13,16.403674
2017-01-14,13.88002
2017-01-15,14.2317233
2017-01-16,16.47868
2017-01-17,13.889648
2017-01-18,13.1824423
2017-01-19,15.80715935
2017-01-20,12.7975366
2017-01-21,9.0425788
2017-01-22,12.2728184
2017-01-23,14.62830406
2017-01-24,10.410434
2017-01-25,14.362936788
2017-01-26,12.392244
2017-01-27,11.8509533
2017-01-28,14.244198
2017-01-29,15.938916
2017-01-30,15.77084269
2017-01-31,16.117592
2017-02-01,16.33761
2017-02-02,15.84695886
2017-02-03,16.177657
2017-02-04,16.478761
2017-02-05,12.8068716
2017-02-06,17.19051
2017-02-07,18.793166
2017-02-08,18.065207
2017-02-09,13.0120908
2017-02-10,10.345997
2017-02-11,11.82266
2017-02-12,11.350656
2017-02-13,14.0894649
2017-02-14,17.7974111
2017-02-15,14.72457
2017-02-16,13.48848
2017-02-17,14.4628733
2017-02-18,16.856218
2017-02-19,17.930728
2017-02-20,18.694877
2017-02-21,17.5134014
2017-02-22,16.8984896
2017-02-23,15.949004
2017-02-24,15.329785
2017-02-25,14.4737289
2017-02-26,16.0451077
2017-02-27,15.6214335
2017-02-28,16.410821
2017-03-01,16.9017413
2017-03-02,15.36925693
2017-03-03,14.92892106
2017-03-04,13.794958
2017-03-05,14.1720113
2017-03-06,13.349563
2017-03-07,14.1421092
2017-03-08,12.5529908
2017-03-09,10.163344
2017-03-10,13.34059
2017-03-11,18.391981
2017-03-12,18.220676
2017-03-13,18.106442
2017-03-14,15.047738
2017-03-15,10.5997687
2017-03-16,9.623614
2017-03-17,12.04762
2017-03-18,13.9883854
2017-03-19,12.9278349
2017-03-20,10.6940473
2017-03-21,12.6645692
2017-03-22,14.43244235
2017-03-23,15.4140653
2017-03-24,14.41282445
2017-03-25,12.5927351
2017-03-26,14.766566
2017-03-27,16.949752
2017-03-28,16.390236
2017-03-29,16.33114
2017-03-30,14.644158
2017-03-31,15.05296891
2017-04-01,13.710492
2017-04-02,12.615736
2017-04-03,14.74323
2017-04-04,14.9396132
2017-04-05,10.9749774
2017-04-06,15.621574
2017-04-07,11.8352669
2017-04-08,8.475628
2017-04-09,7.462802
2017-04-10,10.497522
2017-04-11,12.151596
2017-04-12,14.66055
2017-04-13,16.70513
2017-04-14,15.917715
2017-04-15,14.884076
2017-04-16,12.1721215
2017-04-17,10.267237
2017-04-18,10.8061074
2017-04-19,9.049784
2017-04-20,9.1958717
2017-04-21,6.780545
2017-04-22,5.8647605
2017-04-23,7.53039574
2017-04-24,8.285373
2017-04-25,9.188378
2017-04-26,10.7999136
2017-04-27,9.89405
2017-04-28,8.938495
2017-04-29,11.2686632
2017-04-30,13.1987011
2017-05-01,11.008686
2017-05-02,4.7024601
2017-05-03,5.7432383
2017-05-04,9.116438
2017-05-05,7.33387557
2017-05-06,5.247285
2017-05-07,5.559301
2017-05-08,6.4434434
2017-05-09,8.332691
2017-05-10,9.452453
2017-05-11,10.636958
2017-05-12,11.866864
2017-05-13,8.3782445
2017-05-14,4.404144
2017-05-15,4.56835
2017-05-16,6.3731912
2017-05-17,6.408346
2017-05-18,12.892916
2017-05-19,10.29244
2017-05-20,6.96094114
2017-05-21,3.702616
2017-05-22,0.6544768
2017-05-23,0.4073605
2017-05-24,6.124016
2017-05-25,7.0679147
2017-05-26,5.3106466
2017-05-27,7.1556014
2017-05-28,10.9215948
2017-05-29,8.732246
2017-05-30,8.811676
2017-05-31,7.84549
2017-06-01,7.17788
2017-06-02,5.4148075
2017-06-03,6.275275
2017-06-04,4.3167234
2017-06-05,3.97375222
2017-06-06,6.92804686
2017-06-07,5.9201515
2017-06-08,5.712354
2017-06-09,5.04004
2017-06-10,5.2856585
2017-06-11,6.32976
2017-06-12,3.2734585
2017-06-13,6.874867
2017-06-14,8.1582
2017-06-15,4.2724155
2017-06-16,2.3167038
2017-06-17,7.113548
2017-06-18,4.699719
2017-06-19,5.9113646
2017-06-20,6.6302068
2017-06-21,4.5594014
2017-06-22,4.087446
2017-06-23,9.4817266
2017-06-24,11.4994749
2017-06-25,8.6017573
2017-06-26,6.286674
2017-06-27,4.493975
2017-06-28,2.1960653
2017-06-29,1.5270114
2017-06-30,1.4822526
2017-07-01,3.0768482
2017-07-02,10.611926
2017-07-03,9.3306463
2017-07-04,6.975722
2017-07-05,5.856811
2017-07-06,3.2120849
2017-07-07,4.094737
2017-07-08,6.1815041
2017-07-09,5.4537804
2017-07-10,6.243359
2017-07-11,5.8761616
2017-07-12,5.208463
2017-07-13,1.134059
2017-07-14,0.0678281
2017-07-15,1.2422627
2017-07-16,1.7666115
2017-07-17,2.8681364
2017-07-18,3.7225208
2017-07-19,2.9327587
2017-07-20,4.0555678
2017-07-21,8.17706
2017-07-22,7.869538
2017-07-23,6.694567
2017-07-24,5.1219499
2017-07-25,5.8848853
2017-07-26,6.113679
2017-07-28,5.4633275
2017-07-29,3.5084395
2017-07-30,0.4781168
2017-07-31,0.2189925
2017-08-01,0.9024388
2017-08-02,6.2748237
2017-08-03,5.066351
2017-08-04,3.0370084
2017-08-05,1.5498668
2017-08-06,4.1456821
2017-08-07,6.2285393
2017-08-08,8.115286
2017-08-09,9.653016
2017-08-10,11.5470552
2017-08-11,6.4599616
2017-08-12,5.992473
2017-08-13,7.737099
2017-08-14,7.89451088
2017-08-15,5.1232497
2017-08-16,5.153952
2017-08-17,6.953583
2017-08-18,8.169615
2017-08-19,6.2547264
2017-08-20,7.965509
2017-08-21,5.512234
2017-08-22,4.0885032
2017-08-23,2.4568864
2017-08-24,3.2835427
2017-08-25,4.3598296
2017-08-26,5.4474216
2017-08-27,6.0844814
2017-08-28,8.797026
2017-08-29,12.383246
2017-08-30,9.7464295
2017-08-31,9.1853065
2017-09-01,7.81236
2017-09-02,6.921931
2017-09-03,6.286501
2017-09-04,6.0481606
2017-09-05,5.69834
2017-09-06,7.1189125
2017-09-07,9.9070791
2017-09-08,6.659606
2017-09-09,6.675269
2017-09-10,5.1200039
2017-09-11,3.6016268
2017-09-12,2.7808337
2017-09-13,4.932863
2017-09-14,7.8373425
2017-09-15,11.1873475
2017-09-16,12.8915511
2017-09-17,8.986144
2017-09-18,9.280216
2017-09-19,5.6179049
2017-09-20,4.6707914
2017-09-21,7.359197
2017-09-22,8.232817
2017-09-23,7.101272
2017-09-24,8.877084
2017-09-25,9.4550224
2017-09-26,12.604962
2017-09-27,11.66431
2017-09-28,9.950133
2017-09-29,7.972149
2017-09-30,7.75286064
2017-10-01,9.0492249
2017-10-02,7.16473866
2017-10-03,8.00595
2017-10-04,8.433238
2017-10-05,8.613612
2017-10-06,8.570795
2017-10-07,9.4040214
2017-10-08,9.271695
2017-10-09,11.4331675
2017-10-10,11.7646059
2017-10-11,10.757916
2017-10-12,7.767265
2017-10-13,8.078205
2017-10-14,8.9349255
2017-10-15,10.02227
2017-10-16,7.72826048
2017-10-17,8.470704
2017-10-18,7.660341
2017-10-19,6.7362339
2017-10-20,6.048795
2017-10-21,10.2726528
2017-10-22,10.0152968
2017-10-23,10.6536477
2017-10-24,9.8161707
2017-10-25,9.693366
2017-10-26,9.2779166
2017-10-27,10.931266
2017-10-28,11.5216315
2017-10-29,13.146343
2017-10-30,12.812032
2017-10-31,12.4491696
2017-11-01,13.0056355
2017-11-02,13.3975192
2017-11-03,12.9919474
2017-11-04,14.480206
2017-11-05,15.55996717
2017-11-06,11.7120075
2017-11-07,8.21115
2017-11-08,10.954328
2017-11-09,10.6849468
2017-11-10,10.46218
2017-11-11,9.832517
2017-11-12,8.00079
2017-11-13,6.5786557
2017-11-14,8.5061167
2017-11-15,10.1037204
2017-11-16,11.6528529
2017-11-17,10.9314126
2017-11-18,12.3989009
2017-11-19,10.3156195
2017-11-20,9.831668
2017-11-21,12.1155207
2017-11-22,10.135795
2017-11-23,12.2276569
2017-11-24,14.926016
2017-11-25,15.9385656
2017-11-26,15.708918
2017-11-27,14.855076
2017-11-28,14.1516993
2017-11-29,13.74138489
2017-11-30,13.0969044
2017-12-01,13.3674103
2017-12-02,14.117338
2017-12-03,15.120388
2017-12-04,15.69722
2017-12-05,16.7694
2017-12-06,17.216825
2017-12-07,17.48921
2017-12-08,18.16521
2017-12-09,17.739557
2017-12-10,18.125092
2017-12-11,16.742094
2017-12-12,17.228917
2017-12-13,14.682298
2017-12-14,13.752767
2017-12-15,12.6893366
2017-12-16,14.7813632
2017-12-17,16.805172
2017-12-18,18.188913
2017-12-19,15.4243748
2017-12-20,13.9019448
2017-12-21,11.3924224
2017-12-22,14.318668
2017-12-23,15.338722
2017-12-24,16.5616624
2017-12-25,16.558886
2017-12-26,17.95561
2017-12-27,13.049073
2017-12-28,9.717759
2017-12-29,6.6914296
2017-12-30,10.2432999
2017-12-31,14.24971
2018-01-01,13.748454
2018-01-02,16.904408
2018-01-03,17.086485
2018-01-04,17.866204
2018-01-05,17.87492
2018-01-06,17.732325
2018-01-07,14.1441968
2018-01-08,12.817928
2018-01-09,16.966396
2018-01-10,17.88877
2018-01-11,17.371323
2018-01-12,18.23693
2018-01-13,18.303762
2018-01-14,18.158495
2018-01-15,18.34783
2018-01-16,19.452069
2018-01-17,19.347502
2018-01-18,19.264796
2018-01-19,17.0393
2018-01-20,17.654891
2018-01-21,20.328568
2018-01-22,20.053836
2018-01-23,18.801328
2018-01-24,19.814728
2018-01-25,19.125223
2018-01-26,19.617358
2018-01-27,21.135915
2018-01-28,20.746937
2018-01-29,21.106033
2018-01-30,20.8453354
2018-01-31,20.942623
2018-02-01,21.17017
2018-02-02,19.905126
2018-02-03,14.458336
2018-02-04,12.016382
2018-02-05,12.962204
2018-02-06,15.262346
2018-02-07,14.69269865
2018-02-08,14.20674
2018-02-09,12.816166
2018-02-10,15.549674
2018-02-11,17.883133
2018-02-12,22.070171
2018-02-13,22.33898
2018-02-14,19.13153
2018-02-15,17.758193
2018-02-16,17.03856
2018-02-17,18.320116
2018-02-18,18.180276
2018-02-19,19.560892
2018-02-20,19.069575
2018-02-21,20.718193
2018-02-22,15.54109704
2018-02-23,12.3801749
2018-02-24,12.928061
2018-02-25,14.82412
2018-02-26,14.89145
2018-02-27,12.559244
2018-02-28,12.4306689
2018-03-01,17.111588
2018-03-02,16.684614
2018-03-03,17.544474
2018-03-04,17.039849
2018-03-05,17.192664
2018-03-06,17.195914
2018-03-07,16.41104
2018-03-08,16.647552
2018-03-09,13.589828
2018-03-10,11.008904
2018-03-11,11.2679476
2018-03-12,11.2645965
2018-03-13,12.3243354
2018-03-14,13.8310033
2018-03-15,12.535262
2018-03-16,13.160022
2018-03-17,14.277289
2018-03-18,12.325834
2018-03-19,12.5397288
2018-03-20,13.505724
2018-03-21,15.561942
2018-03-22,12.5974149
2018-03-23,13.58385
2018-03-24,14.9961711
2018-03-25,14.61169064
2018-03-26,13.621668
2018-03-27,13.496825
2018-03-28,15.3744949
2018-03-29,13.3700368
2018-03-30,14.093611
2018-03-31,12.7129792
2018-04-01,13.7010992
2018-04-02,13.1445476
2018-04-03,12.2497892
2018-04-04,13.106692
2018-04-05,13.7151469
2018-04-06,14.878682
2018-04-07,12.7378709
2018-04-08,12.186529
2018-04-09,9.77471
2018-04-10,10.8848872
2018-04-11,9.389055
2018-04-12,2.2626147
2018-04-13,6.155143
2018-04-14,7.049186
2018-04-15,9.0419894
2018-04-16,11.794446
2018-04-17,12.9705793
2018-04-18,12.76457
2018-04-19,8.2579158
2018-04-20,8.9039611
2018-04-21,10.243017
2018-04-22,11.54804
2018-04-23,7.738722
2018-04-24,7.490317
2018-04-25,8.8903387
2018-04-26,9.4145812
2018-04-27,8.3289428
2018-04-28,8.857278
2018-04-29,13.753028
2018-04-30,15.043024
2018-05-01,14.2800252
2018-05-27,2.9586794
2018-05-28,5.363588
2018-05-29,1.5089883
2018-05-30,2.533619
2018-05-31,2.22638
2018-06-01,1.53769
2018-06-02,2.9798483
2018-06-03,6.3662097
2018-06-04,9.6256529
2018-06-05,11.7276971
2018-06-06,7.834677
2018-06-07,4.6127873
2018-06-08,0.2600134
2018-06-09,4.1322295
2018-06-10,3.60349463
2018-06-11,4.72408
2018-06-12,4.6490673
2018-07-07,2.7590191
2018-07-08,7.11982361
2018-07-09,10.594584
2018-07-10,6.92557351
2018-07-11,3.9539775
2018-07-12,5.180908
2018-07-13,5.3739105
2018-07-14,3.3314664
2018-07-15,7.09037879
2018-07-16,9.1549409
2018-07-17,8.39551
2018-07-18,6.9546914
2018-07-19,6.837284
2018-07-20,6.6156307
2018-07-21,6.788317
2018-07-22,6.805275
2018-07-23,7.960382
2018-07-24,5.096636
2018-07-25,3.345656
2018-07-26,4.6140265
2018-07-27,6.443051
2018-07-28,5.8089706
2018-07-29,6.668651
2018-07-30,6.77670785
2018-07-31,3.084222
2018-08-01,4.072263
2018-08-02,7.32242
2018-08-03,7.3886944
2018-08-04,6.5601475
2018-08-05,5.8513927
2018-08-06,8.298726
2018-08-07,9.7428
2018-08-08,8.473488
2018-08-09,8.5348372
2018-08-10,6.735542
2018-08-11,6.6007324
2018-08-12,4.780822
2018-08-13,4.031147
2018-08-14,5.556519
2018-08-15,8.9622121
2018-12-10,16.881243
2018-12-11,15.1202686
2018-12-12,15.2274492
2018-12-15,13.46765
2018-12-16,14.74281547
2018-12-17,16.134066
2018-12-18,16.9659292
2018-12-19,15.511552
2018-12-20,14.5017451
2018-12-21,12.9407805
2018-12-22,13.002234
2018-12-23,13.452074
2018-12-24,13.752412
2018-12-25,14.7438542
2018-12-26,15.2365792
2018-12-27,15.582916
2018-12-28,14.8757625
2018-12-29,15.323038
2018-12-30,14.7129836
2018-12-31,14.670538
2019-01-01,16.645916
2019-01-02,17.500341
2019-01-03,16.678403
2019-01-04,17.206274
2019-01-05,15.67960103
2019-01-06,16.754862
2019-01-07,16.598661
2019-01-08,15.6085637
2019-01-09,15.40072074
2019-01-10,18.14331
2019-01-11,17.316763
2019-01-12,17.470988
2019-01-13,14.561552
2019-01-14,16.763589
2019-01-15,13.197136
2019-01-16,12.505642
2019-01-17,12.668886
2019-01-18,17.54155
2019-01-19,15.849496507
2019-01-20,18.414254
2019-01-21,15.826578
2019-01-22,13.6722848
2019-01-23,14.8124967
2019-01-24,16.8610639
2019-01-25,14.15121697
2019-01-26,14.93650379
2019-01-27,13.652932
2019-01-28,15.715270923
2019-01-29,19.40279
2019-01-30,21.46422
2019-01-31,20.936198
2019-02-01,21.806922
2019-02-02,18.764943
2019-02-03,15.34572
2019-02-04,17.401975
2019-02-05,17.01936
2019-02-06,17.7846872
2019-02-07,14.1358292
2019-02-08,11.792734
2019-02-09,14.5525075
2019-02-10,15.311372
2019-02-11,15.7610369
2019-02-12,16.035936
2019-02-13,15.347237
2019-02-14,18.155169
2019-02-15,19.186339
2019-02-16,16.3888235
2019-02-17,14.049312
2019-02-18,14.2795935
2019-03-01,10.8896512
2019-03-02,9.05088
2019-03-03,9.5725564
2019-03-04,12.0103271
2019-03-05,13.84876
2019-03-06,13.3450904
2019-03-07,15.150172
2019-03-08,15.779384
2019-03-09,14.28101347
2019-03-10,13.2382833
2019-03-11,13.167793
2019-03-12,15.4698282
2019-03-13,16.153239
2019-03-14,16.710317
2019-03-15,17.767366
2019-03-16,18.268533
2019-03-17,17.381984
2019-03-18,15.4149973
2019-03-19,14.96041
2019-03-20,14.91041
2019-03-21,15.21566277
2019-03-22,15.60426116
2019-03-23,14.55909368
2019-03-24,14.2382431
2019-03-25,14.3801216
2019-03-26,14.747078521
2019-03-27,15.560256
2019-03-28,14.1511151
2019-03-29,13.51140869
2019-03-30,14.1506382
2019-03-31,15.538303143
2019-04-01,15.9284428
2019-04-02,16.77266
2019-04-03,11.0651971
2019-04-04,8.8211546
2019-04-05,8.329942
2019-04-06,9.262746
2019-04-07,7.301061
2019-04-08,7.3415255
2019-04-09,8.09853
2019-04-10,10.292325
2019-04-11,12.8081729
2019-04-12,11.0518948
2019-04-13,7.805984
2019-04-14,5.0742164
2019-04-15,8.1371778
2019-04-16,6.4901035
2019-04-17,5.058929
2019-04-18,6.177822
2019-04-19,6.6710295
2019-04-20,7.511439
2019-04-21,10.15674
2019-04-22,10.415762
2019-04-23,11.44529
2019-04-24,11.2117545
2019-04-25,10.477334
2019-04-26,11.683626
2019-04-27,10.3210465
2019-04-28,11.04604
2019-04-29,10.3964
2019-04-30,8.490906
2019-05-01,5.997697
2019-05-02,6.316086
2019-05-03,6.66073
2019-05-04,8.248599
2019-05-05,8.082572
2019-05-06,9.484245
2019-05-07,8.278043
2019-05-08,7.8138111
2019-05-09,10.0310511
2019-05-10,9.7421
2019-05-11,12.606212
2019-05-12,11.060412
2019-05-13,11.8054786
2019-05-14,8.126947
2019-05-15,6.738964
2019-05-16,9.6874334
2019-05-17,9.5151733
2019-05-18,4.0001437
2019-05-19,6.881327
2019-05-20,8.6563315
2019-05-21,7.50346378
2019-05-22,5.117905
2019-05-23,6.1851926
2019-05-24,8.34955
2019-05-25,8.393985
2019-05-26,7.881716
2019-05-27,8.4824356
2019-05-28,9.300364
2019-05-29,12.1505994
2019-05-30,9.3013533
2019-05-31,9.6087973
2019-06-01,8.8723527
2019-06-02,4.7475034
2019-06-03,2.9434156
2019-06-04,3.804521908
2019-06-05,7.1123094
2019-06-06,8.9102333
2019-06-07,4.8626566
2019-06-08,4.277263
2019-06-09,5.891724
2019-06-10,4.7452457
2019-06-11,7.39747568
2019-06-12,8.4172523
2019-06-13,8.454812
2019-06-14,8.578824
2019-06-15,8.9217771
2019-06-16,7.750814
2019-06-17,6.845528
2019-06-18,5.3288603
2019-06-19,1.409766
2019-06-20,0.4899134
2019-06-21,3.224165
2019-06-22,8.372429
2019-06-23,4.642358
2019-06-24,5.383591
2019-06-25,3.4553528
2019-06-26,2.3167153
2019-06-27,1.3391496
2019-06-28,0.9785148
2019-06-29,0.9829175
2019-06-30,2.7634417
2019-07-01,4.0614946
2019-07-02,4.2536078
2019-07-03,8.351943
2019-07-04,13.607881
2019-07-05,8.340723
2019-07-06,2.6503444
2019-07-07,3.5997036
2019-07-08,4.460166
2019-07-09,5.2318226
2019-07-10,4.7361337
2019-07-11,5.3705985
2019-07-12,7.5830748
2019-07-13,7.6826945
2019-07-14,8.1201777
2019-07-15,8.235475
2019-07-16,6.118131
2019-07-17,8.0403426
2019-07-18,5.221435
2019-07-19,5.047204
2019-07-20,8.4978131
2019-07-21,6.830702
2019-07-22,5.9096645
2019-07-23,4.255853
2019-07-24,4.3834385
2019-07-25,7.307154
2019-07-26,6.6838225
2019-07-27,8.207497
2019-07-28,6.3576805
2019-07-29,6.290142
2019-07-30,5.9959189
2019-07-31,6.4365937
2019-08-01,4.136092
2019-08-02,1.085552
2019-08-03,3.8593887
2019-08-04,5.065739
2019-08-05,5.3326791
2019-08-06,2.5276723
2019-08-07,5.198287
2019-08-08,5.4788694
2019-08-09,6.8725168
2019-08-10,7.286202
2019-08-11,7.5112425
2019-08-12,7.429666
2019-08-13,6.752284
2019-08-14,5.588214
2019-08-15,5.0901527
2019-08-16,4.1053824
2019-08-17,5.2103566
2019-08-18,6.301082
2019-08-19,2.5594245
2019-08-20,2.3223034
2019-08-21,4.366279
2019-08-22,6.487737
2019-08-23,6.127912
2019-08-24,4.461443
2019-08-25,4.771988
2019-08-26,7.031879
2019-08-27,7.316004
2019-08-28,5.0732191
2019-08-29,5.3646245
2019-08-30,6.159773
2019-08-31,7.0930978
2019-09-01,5.6354076
2019-09-02,6.1922757
2019-09-03,6.2838564
2019-09-04,7.4902746
2019-09-05,13.221414
2019-09-06,12.9267807
2019-09-07,6.1164435
2019-09-08,4.560397
2019-09-09,3.491963325
2019-09-10,3.85799037665
2019-09-11,4.21585
2019-09-12,4.961021
2019-09-13,6.793149
2019-09-14,8.153636
2019-09-15,9.315991
2019-09-16,7.288992
2019-09-17,7.537260342
2019-09-18,8.24363
2019-09-19,6.0423308
2019-09-20,7.3358774
2019-09-21,6.2322767
2019-09-22,5.6629586
2019-09-23,7.3874572
2019-09-24,7.67627968
2019-09-25,7.3042466
2019-09-26,4.710795
2019-09-27,4.493022
2019-09-28,7.28175986
2019-09-29,7.882713435
2019-09-30,9.33742
2019-10-01,8.9606735
2019-10-02,5.4123516
2019-10-03,3.566424
2019-10-04,3.6661543
2019-10-05,5.7867153
2019-10-06,8.5318086
2019-10-07,6.2764735
2019-10-08,9.462912
2019-10-09,9.80609
2019-10-10,12.260198
2019-10-11,12.241779
2019-10-12,11.7440071
2019-10-13,9.3864689
2019-10-14,9.9338774
2019-10-15,7.969739
2019-10-16,8.8812992
2019-10-17,8.8073653
2019-10-18,9.4476633
2019-10-19,10.861237
2019-10-20,11.2350784
2019-10-21,10.6557785
2019-10-22,8.299838
2019-10-23,7.959879
2019-10-24,3.702982
2019-10-25,6.041815
2019-10-26,6.840201
2019-10-27,9.4506875
2019-10-28,12.1893987
2019-10-29,10.5673209
2019-10-30,8.174032
2019-10-31,7.736564
2019-11-01,8.957594
2019-11-02,8.517628
2019-11-03,10.1514036
2019-11-04,15.876044
2019-11-05,15.36060687
2019-11-06,14.254774
2019-11-07,13.690714
2019-11-08,16.515945
2019-11-09,15.1460045
2019-11-10,16.10261
2019-11-11,15.42935972
2019-11-12,10.4844053
2019-11-13,8.4693874
2019-11-14,9.344582
2019-11-15,11.286404
2019-11-16,9.4132614
2019-11-17,12.4366274
2019-11-18,14.523014959
2019-11-19,10.184026
2019-11-20,8.277608
2019-11-21,10.509232
2019-11-22,10.623882
2019-11-23,11.505316
2019-11-24,17.09001
2019-11-25,16.803356
2019-11-26,15.834137032
2019-11-27,15.6561255
2019-11-28,15.715928
2019-11-29,15.010944
2019-11-30,15.30907
2019-12-01,15.0652767
2019-12-02,16.0000254
2019-12-03,16.342383
2019-12-04,15.341628
2019-12-05,13.6668275
2019-12-06,13.5228564
2019-12-07,13.53428053
2019-12-08,16.560701
2019-12-09,15.97618302
2019-12-10,11.001519
2019-12-11,10.549178
2019-12-12,12.7448184
2019-12-13,15.9200994
2019-12-14,16.138424
2019-12-15,14.6048122
2019-12-16,14.076524
2019-12-17,15.38102114
2019-12-18,17.109919
2019-12-19,9.6416895
2019-12-20,11.5197087
2019-12-21,11.191851
2019-12-22,9.096719
2019-12-23,10.9393146
2019-12-24,14.3437729
2019-12-25,13.643006947
2019-12-26,13.647998
2019-12-27,13.7412
2019-12-28,13.678663
2019-12-29,10.82259
2019-12-30,11.582827
2019-12-31,13.3918567
2020-01-01,15.4279169
2020-01-02,16.757801
2020-01-03,15.92715912
2020-01-04,15.956584
2020-01-05,10.902338
2020-01-06,11.4418333
2020-01-07,11.24953
2020-01-08,10.775016
2020-01-09,11.08965
2020-01-10,11.619275
2020-01-11,11.821922
2020-01-12,15.2764583
2020-01-13,15.40255
2020-01-14,12.895442
2020-01-15,11.3728044
2020-01-16,11.338868
2020-01-17,10.7964555
2020-01-18,11.828632
2020-01-19,12.5402547
2020-01-20,15.15901
2020-01-21,16.754602
2020-01-22,17.430009
2020-01-23,15.0210846
2020-01-24,16.960634
2020-01-25,18.92359
2020-01-26,18.153695
2020-01-27,18.65392
2020-01-28,18.505422
2020-01-29,17.738788
2020-01-30,17.691406
2020-01-31,17.660303
2020-02-01,16.093907
2020-02-02,17.751765
2020-02-03,18.169975
2020-02-04,19.553168
2020-02-05,20.501099
2020-02-06,14.10728577
2020-02-07,14.211538
2020-02-08,14.1013446
2020-02-09,13.989828
2020-02-10,12.709275
2020-02-11,13.6394933
2020-02-12,15.237259
2020-02-13,17.016845
2020-02-14,17.136053
2020-02-15,17.611823
2020-02-16,18.469008
2020-02-17,18.953395
2020-02-18,17.870955
2020-02-19,17.242913
2020-02-20,16.173375
2020-02-21,17.060144
2020-02-22,17.849653
2020-02-23,16.23164
2020-02-24,9.59457
2020-02-25,10.8356756
2020-02-26,14.2998283
2020-02-27,17.60103
2020-02-28,16.879984
2020-02-29,17.342365
2020-03-01,13.99995
2020-03-02,16.509567
2020-03-03,17.739283
2020-03-04,18.467574
2020-03-05,14.8480787
2020-03-06,11.1122513
2020-03-07,10.8674752
2020-03-08,14.0580783
2020-03-09,14.7101594
2020-03-10,15.098827
2020-03-11,12.9370833
2020-03-12,12.4619649
2020-03-13,10.0900196
2020-03-14,11.6537632
2020-03-15,12.9489873
2020-03-16,13.642176
2020-03-17,12.838723
2020-03-18,9.7553713
2020-03-19,9.335936
2020-03-20,11.037046
2020-03-21,11.847306
2020-03-22,13.0854384
2020-03-23,14.14593
2020-03-24,13.285616
2020-03-25,8.3942506
2020-03-26,10.0357812
2020-03-27,11.029658
2020-03-28,8.5664488
2020-03-29,7.452665
2020-03-30,9.9005836
2020-03-31,11.15389
2020-04-01,10.1824333
2020-04-02,10.58699
2020-04-03,9.4413615
2020-04-04,9.5257507
2020-04-05,10.743364
2020-04-06,10.7123104
2020-04-07,9.478262
2020-04-08,11.5117146
2020-04-09,11.8481169
2020-04-10,7.870921
2020-04-11,5.9191896
2020-04-12,8.893631
2020-04-13,11.80893
2020-04-14,11.0026147
2020-04-15,5.8739945
2020-04-16,7.3159537
2020-04-17,9.0345307
2020-04-18,12.328568
2020-04-19,12.054265
2020-04-20,11.0479
2020-04-21,10.60715
2020-04-22,8.715592
2020-04-23,7.358359
2020-04-24,9.2937731
2020-04-25,9.74169
2020-04-26,8.7899737
2020-04-27,11.050792
2020-04-28,11.1353845
2020-04-29,10.201652
2020-04-30,8.677785
2020-05-01,9.8710809
2020-05-02,9.5391711
2020-05-03,10.8000469
2020-05-04,16.029528
2020-05-05,10.306196
2020-05-06,6.567821
2020-05-07,3.8491351
2020-05-08,6.74810844
2020-05-09,9.1604913
2020-05-10,7.87674738
2020-05-11,7.9805993
2020-05-12,8.531851
2020-05-13,7.786767
2020-05-14,8.9488052
2020-05-15,8.641905
2020-05-16,7.346016
2020-05-17,7.8570222
2020-05-18,7.740705
2020-05-19,5.915003
2020-05-20,4.0854364
2020-05-21,1.4517336
2020-05-22,1.671642
2020-05-23,1.2080517
2020-05-24,2.7201448
2020-05-25,8.08687
2020-05-26,12.658699
2020-05-27,6.980966
2020-05-28,3.3260016
2020-05-29,3.1909783
2020-05-30,5.4134966
2020-05-31,8.204131
2020-06-01,8.659768
2020-06-02,11.513294
2020-06-03,9.0588569
2020-06-04,6.451403
2020-06-05,10.7497986
2020-06-06,7.4664536
2020-06-07,5.963222
2020-06-08,5.792132
2020-06-09,6.326495
2020-06-10,5.684264
2020-06-11,4.1831784
2020-06-12,6.676777
2020-06-13,7.44654038
2020-06-14,4.0188256
2020-06-15,2.9107523
2020-06-16,6.5802929
2020-06-17,7.0149125
2020-06-18,8.481117
2020-06-19,10.42208
2020-06-20,11.0113
2020-06-21,10.0653136
2020-06-22,8.505551
2020-06-23,8.214126
2020-06-24,7.1965248
2020-06-25,6.969574
2020-06-26,8.7520949
2020-06-27,9.807734
2020-06-28,11.820992
2020-06-29,9.8888852
2020-06-30,6.222161
2020-07-01,2.8684674
2020-07-02,0.8275696
2020-07-03,0.8422487
2020-07-04,1.5687994
2020-07-05,2.8469778
2020-07-06,5.9541199
2020-07-07,8.054146
2020-07-08,6.120467
2020-07-09,3.297511
2020-07-10,1.234016
2020-07-11,4.289635
2020-07-12,4.809655
2020-07-13,6.1506034
2020-07-14,8.088211
2020-07-15,7.522924
2020-07-16,5.123982
2020-07-17,5.4812236
2020-07-18,7.983714
2020-07-19,10.5273205
2020-07-20,9.6260748
2020-07-21,11.0036908
2020-07-22,9.649007
2020-07-23,4.999797
2020-07-24,6.3044995
2020-07-25,4.382042
2020-07-26,3.6417025
2020-07-27,4.4776762
2020-07-28,3.0307129
2020-07-29,4.8894517
2020-07-30,5.985499
2020-07-31,4.5471445
2020-08-01,5.0944857
2020-08-02,7.158652
2020-08-03,8.020491
2020-08-04,6.921811
2020-08-05,4.770823
2020-08-06,5.0236825
2020-08-07,7.023606
2020-08-08,7.4963711
2020-08-09,3.44541971
2020-08-10,4.3896663
2020-08-11,6.1532414
2020-08-12,7.135472256
2020-08-13,6.0629518
2020-08-14,3.818149
2020-08-15,3.41066464
2020-08-16,0.5303256
2020-08-17,0.98339
2020-08-18,2.007411
2020-08-19,5.371046
2020-08-20,10.79509
2020-08-21,9.7424869
2020-08-22,7.986633403
2020-08-23,7.93030948
2020-08-24,10.1117588
2020-08-25,7.600149
2020-08-26,5.906995
2020-08-27,4.036728
2020-08-28,4.0917866
2020-08-29,4.5978383
2020-08-30,8.3324221
2020-08-31,8.9055417
2020-09-01,7.72056543
2020-09-02,8.122539
2020-09-03,5.288394
2020-09-04,2.1635224
2020-09-05,4.111659
2020-09-06,6.3729415
2020-09-07,9.2223835
2020-09-08,5.723885
2020-09-09,3.66187269
2020-09-10,5.1562832
2020-09-11,6.996226
2020-09-12,3.1013713
2020-09-13,2.7538303
2020-09-14,6.6418333
2020-09-15,8.091444
2020-09-16,8.48728
2020-09-17,6.755452
2020-09-18,7.59671
2020-09-19,6.9858783
2020-09-20,6.5557859
2020-09-21,5.816129
2020-09-22,7.276007
2020-09-23,8.726014
2020-09-24,10.716192
2020-09-25,10.731012
2020-09-26,9.3397936
2020-09-27,11.5384054
2020-09-28,12.033517
2020-09-29,6.419266
2020-09-30,3.704013
2020-10-01,4.5743449
2020-10-02,5.624969
2020-10-03,6.821933
2020-10-04,8.4553672
2020-10-05,11.2633626
2020-10-06,12.5086931
2020-10-07,11.0218596
2020-10-08,9.1402514
2020-10-09,6.1340228
2020-10-10,6.561571
2020-10-11,8.9391908
2020-10-12,10.4184948
2020-10-13,11.9490989
2020-10-14,11.052546
2020-10-15,8.403716
2020-10-16,4.6261725
2020-10-17,4.7428665
2020-10-18,6.1132983
2020-10-19,9.375485
2020-10-20,12.6168748
2020-10-21,12.1192185
2020-10-22,11.0687805
2020-10-23,12.4683071
2020-10-24,13.36431
2020-10-25,13.717876
2020-10-26,14.337982
2020-10-27,13.85981
2020-10-28,10.87733
2020-10-29,9.8551053
2020-10-30,11.7600191
2020-10-31,13.79163231
2020-11-01,14.594103
2020-11-02,12.595115
2020-11-03,12.0712943
2020-11-04,14.656206
2020-11-05,16.117867
2020-11-06,15.79915937
2020-11-07,13.7113483
2020-11-08,14.43127295
2020-11-09,12.3282491
2020-11-10,7.1594095
2020-11-11,8.690429
2020-11-12,8.9841293
2020-11-13,10.5436325
2020-11-14,12.0825487
2020-11-15,11.1159686
2020-11-16,12.0947427
2020-11-17,12.219118
2020-11-18,12.770326
2020-11-19,11.140012
2020-11-20,8.1246823
2020-11-21,8.5721876
2020-11-22,11.3009984
2020-11-23,8.6113857
2020-11-24,7.357529
2020-11-25,9.9991752
2020-11-26,12.0479706
2020-11-27,14.889002
2020-11-28,13.174118
2020-11-29,8.831786
2020-11-30,10.5490508
2020-12-01,12.7276136
2020-12-02,8.556098
2020-12-03,10.6512985
2020-12-04,11.711743
2020-12-05,10.437372
2020-12-06,10.7286695
2020-12-07,11.7836229
2020-12-08,15.3745743
2020-12-09,16.826057
2020-12-10,17.3439357
2020-12-11,15.4915317
2020-12-12,10.487126
2020-12-13,9.456425
2020-12-14,11.150763
2020-12-15,11.448529
2020-12-16,13.8371
2020-12-17,14.905602
2020-12-18,14.59182
2020-12-19,16.83136
2020-12-20,15.540906
2020-12-21,15.22164288
2020-12-22,16.199108
2020-12-23,16.81689
2020-12-24,15.691684
2020-12-25,14.29757706
2020-12-26,13.1592442
2020-12-27,10.868264
2020-12-28,6.311741
2020-12-29,7.13581243
2020-12-30,8.4673766
2020-12-31,12.5773388
2021-01-01,12.97581
2021-01-02,15.5855975
2021-01-03,15.02725533
2021-01-04,15.029666
2021-01-05,15.81354097
2021-01-06,16.25441
2021-01-07,15.794156
2021-01-08,14.966218
2021-01-09,16.0885017
2021-01-10,14.8660014
2021-01-11,14.933353
2021-01-12,15.362172
2021-01-13,16.692358
2021-01-14,17.292255
2021-01-15,16.765165
2021-01-16,16.944497
2021-01-17,17.240515
2021-01-18,15.7504152
2021-01-19,12.1781451
2021-01-20,14.6451489
2021-01-21,9.1776632
2021-01-22,9.33064
2021-01-23,11.7758186
2021-01-24,12.882342
2021-01-25,14.922325
2021-01-26,14.535179
2021-01-27,18.002559
2021-01-28,19.588135
2021-01-29,14.507566
2021-01-30,9.2130933
2021-01-31,8.5557969
2021-02-01,11.8543327
2021-02-02,13.7274535
2021-02-03,13.6046682
2021-02-04,14.9549247
2021-02-05,12.0808752
2021-02-06,10.062086
2021-02-07,12.455085
2021-02-08,14.7746466
2021-02-09,16.19223
2021-02-10,15.68929647
2021-02-11,15.1455254
2021-02-12,13.6886133
2021-02-13,13.70341
2021-02-14,15.6863749
2021-02-15,15.7621473
2021-02-16,15.79711
2021-02-17,13.8319386
2021-02-18,10.3162409
2021-02-19,10.7945872
2021-02-20,12.923173
2021-02-21,15.45340206
2021-02-22,16.982343
2021-02-23,17.2636
2021-02-24,16.849598
2021-02-25,16.873804
2021-02-26,16.074067
2021-02-27,16.2166
2021-02-28,16.3178386
2021-03-01,16.53302
2021-03-02,16.444205
2021-03-03,16.179669
2021-03-04,16.62936
2021-03-05,14.2830649482
2021-03-06,14.311688
2021-03-07,13.7486705
2021-03-08,10.805522
2021-03-09,11.176572
2021-03-10,12.0188072
2021-03-11,12.959288
2021-03-12,11.7056155
2021-03-13,9.9281646
2021-03-14,9.15793
2021-03-15,12.287669
2021-03-16,14.50836131
2021-03-17,13.17747
2021-03-18,10.4800152
2021-03-19,9.0387884
2021-03-20,10.425392
2021-03-21,8.499526
2021-03-22,9.2074762
2021-03-23,8.6028182
2021-03-24,10.0171508
2021-03-25,11.7972304
2021-03-26,11.562376
2021-03-27,12.65052
2021-03-28,13.5577797
2021-03-29,15.1477871
2021-03-30,15.7313253
2021-03-31,16.5514538
2021-04-01,16.341312
2021-04-02,11.904379
2021-04-03,9.0258366
2021-04-04,7.911358
2021-04-05,10.153416
2021-04-06,13.27126
2021-04-07,13.683716
2021-04-08,11.1467336
2021-04-09,12.73979
2021-04-10,13.631817
2021-04-11,15.04681
2021-04-12,15.867684
2021-04-13,14.83533641
2021-04-14,13.2469825
2021-04-15,9.344452
2021-04-16,9.38264
2021-04-17,12.3158076
2021-04-18,8.386195
2021-04-19,7.94479451
2021-04-20,9.28548
2021-04-21,11.302862
2021-04-22,12.148324
2021-04-23,8.838829
2021-04-24,10.1817468
2021-04-25,10.4316533
2021-04-26,9.3552133
2021-04-27,7.5499298
2021-04-28,7.0427711
2021-04-29,4.964603
2021-04-30,4.9050094
2021-05-01,9.217474
2021-05-02,5.984906
2021-05-03,3.0560563
2021-05-04,4.8522344
2021-05-05,6.824305
2021-05-06,9.515092
2021-05-07,9.708168
2021-05-08,10.0652715
2021-05-09,10.80798
2021-05-10,13.995783
2021-05-11,15.228444
2021-05-12,14.149913122
2021-05-13,10.013164
2021-05-14,4.021631
2021-05-15,2.6212874
2021-05-16,11.237055
2021-05-17,8.3455113
2021-05-18,10.7992731
2021-05-19,7.461239
2021-05-20,8.6515994
2021-05-21,8.424954
2021-05-22,5.861178
2021-05-23,6.913028278
2021-05-24,8.06887
2021-05-25,6.807328
2021-05-26,5.6998497
2021-05-27,4.5828112
2021-05-28,2.590575
2021-05-29,4.227041
2021-05-30,8.8951493
2021-05-31,6.6797857
2021-06-01,4.790199
2021-06-02,5.1476944
2021-06-03,6.202236
2021-06-04,4.9490633
2021-06-05,6.9906583
2021-06-06,6.975027
2021-06-07,11.5161537
2021-06-08,11.332233
2021-06-09,9.3880553
2021-06-10,9.9575819
2021-06-11,8.980408
2021-06-12,9.5454054
2021-06-13,9.6783152
2021-06-14,8.487127
2021-06-15,12.2341584
2021-06-16,11.455706
2021-06-17,8.83627
2021-06-18,8.031423
2021-06-19,6.296735
2021-06-20,8.36246
2021-06-21,9.5138328
2021-06-22,7.458199
2021-06-23,5.4237606
2021-06-24,2.9030796
2021-06-25,3.7930749
2021-06-26,7.84209748
2021-06-27,11.076183
2021-06-28,11.34516
2021-06-29,7.010236
2021-06-30,0.6320056
2021-07-01,1.4876076
2021-07-02,2.2908542
2021-07-03,0.6711407
2021-07-04,0.1303613
2021-07-05,0.3476502
2021-07-06,-0.2067172
2021-07-07,4.789626
2021-07-08,7.704956671
2021-07-09,4.3013054
2021-07-10,4.6638008
2021-07-11,4.9693894
2021-07-12,1.6508706
2021-07-13,1.7183975
2021-07-14,1.986002
2021-07-15,1.248785
2021-07-16,5.8184467
2021-07-17,8.0057374
2021-07-18,12.223036
2021-07-19,8.370105
2021-07-20,5.9606426
2021-07-21,5.0791714
2021-07-22,6.0761794
2021-07-23,8.18905
2021-07-24,5.64784
2021-07-25,4.939536
2021-07-26,6.7151868
2021-07-27,9.2783685
2021-07-28,5.819594
2021-07-29,6.236748
2021-07-30,6.7176577
2021-07-31,6.3421455
2021-08-01,7.0956295
2021-08-02,3.99599225588
2021-08-03,4.531178
2021-08-04,5.058785
2021-08-05,2.5128376
2021-08-06,5.9138734
2021-08-07,6.535149
2021-08-08,6.5497603
2021-08-09,5.5995754
2021-08-10,-0.3471818
2021-08-11,1.843113
2021-08-12,5.930359
2021-08-13,6.768289
2021-08-14,7.11645195
2021-08-15,6.055958
2021-08-16,4.3301456
2021-08-17,6.599212
2021-08-18,8.04019
2021-08-19,3.261912
2021-08-20,3.8877905
2021-08-21,5.2986407
2021-08-22,2.8448474
2021-08-23,4.2458135
2021-08-24,4.1019308
2021-08-25,2.9797316
2021-08-26,3.96155797
2021-08-27,4.195646
2021-08-28,8.129858
2021-08-29,9.1253014
2021-08-30,8.767013
2021-08-31,6.676729
2021-09-01,3.844572
2021-09-02,3.0871819
2021-09-03,5.013345
2021-09-04,4.1371106
2021-09-05,5.4397079
2021-09-06,5.1203785
2021-09-07,6.26238
2021-09-08,10.0134069
2021-09-09,4.185416
2021-09-10,5.057716
2021-09-11,9.2486067
2021-09-12,5.6996857
2021-09-13,6.6958477
2021-09-14,8.987439
2021-09-15,6.6477873
2021-09-16,7.08887618
2021-09-17,7.499768
2021-09-18,4.275805
2021-09-19,2.917232
2021-09-20,5.0767938
2021-09-21,7.732075
2021-09-22,7.909824
2021-09-23,9.9516049
2021-09-24,12.9716587
2021-09-25,8.5188786
2021-09-26,8.874126
2021-09-27,7.6152353
2021-09-28,5.287295
2021-09-29,2.713898
2021-09-30,5.641058
2021-10-01,6.678993
2021-10-02,7.679753
2021-10-03,8.26579
2021-10-04,9.235548
2021-10-05,11.9369248
2021-10-06,9.877358
2021-10-07,12.17295
2021-10-08,12.717694
2021-10-09,10.8461899
2021-10-10,8.856855
2021-10-11,7.6073865
2021-10-12,8.4003269
2021-10-13,7.0894715
2021-10-14,3.0496627
2021-10-15,5.049518
2021-10-16,6.8157578
2021-10-17,8.407768
2021-10-18,10.3955966
2021-10-19,11.9933614
2021-10-20,10.761368
2021-10-21,9.2575605
2021-10-22,10.003618
2021-10-23,9.548264
2021-10-24,10.5815972
2021-10-25,13.1305556
2021-10-26,15.79132
2021-10-27,16.454167
2021-10-28,13.9298611
2021-10-29,13.409722
2021-10-30,11.0753472
2021-10-31,12.198958
2021-11-01,11.5395833
2021-11-02,10.4878472
2021-11-03,11.193403
2021-11-04,6.561111
2021-11-05,8.002778
2021-11-06,11.2715278
2021-11-07,12.29375
2021-11-08,13.0715278
2021-11-09,13.0256945
2021-11-10,14.30763885
2021-11-11,15.53368053
2021-11-12,15.1711805
2021-11-13,15.122222
2021-11-14,16.7184028
2021-11-15,15.577083
2021-11-16,13.2854167
2021-11-17,11.7888889
2021-11-18,9.7010417
2021-11-19,11.2
2021-11-20,12.2118056
2021-11-21,12.644792
2021-11-22,14.776736
2021-11-23,13.925
2021-11-24,12.1739583
2021-11-25,11.4645834
2021-11-26,13.095486
2021-11-27,12.294444
2021-11-28,14.315278
2021-11-29,13.65937501
2021-11-30,15.32152777
2021-12-01,14.5736111
2021-12-02,14.901736
2021-12-03,14.785764
2021-12-04,15.23125
2021-12-05,15.460416615
2021-12-06,17.661806
2021-12-07,16.85486
2021-12-08,16.638542
2021-12-09,16.4260416
2021-12-10,16.3097222
2021-12-11,17.2375
2021-12-12,17.668403
2021-12-13,13.8701389
2021-12-14,17.881945
2021-12-15,16.088889
2021-12-16,18.466667
2021-12-17,14.1100695
2021-12-18,13.6850695
2021-12-19,11.9315972
2021-12-20,13.523264
2021-12-21,14.35763888
2021-12-22,15.410764
2021-12-23,14.41388887
2021-12-24,16.21007
2021-12-25,16.282986
2021-12-26,16.21007
2021-12-27,15.769445
2021-12-28,16.430208
2021-12-29,16.305556
2021-12-30,14.26041665
2021-12-31,12.869792
2022-01-01,14.6281251
2022-01-02,15.54479161
2022-01-03,17.55382
2022-01-04,17.240625
2022-01-05,18.66493
2022-01-06,18.667014
2022-01-07,15.6763889
2022-01-08,11.639236
2022-01-09,13.253472
2022-01-10,15.5190973
2022-01-11,15.460764
2022-01-12,16.684375
2022-01-13,15.3041667
2022-01-14,12.6371528
2022-01-15,11.7788194
2022-01-16,13.41632
2022-01-17,13.660416626
2022-01-18,15.33090278
2022-01-19,14.919097241
2022-01-20,15.35416666
2022-01-21,14.13472228
2022-01-22,13.79340279
2022-01-23,15.9024306
2022-01-24,17.5125
2022-01-25,16.89757
2022-01-26,16.947917
2022-01-27,19.177083
2022-01-28,12.7
2022-01-29,11.6826389
2022-01-30,14.920833
2022-01-31,15.8135417
2022-02-01,17.7680555
2022-02-02,18.109375
2022-02-03,18.940625
2022-02-04,19.455903
2022-02-05,19.05382
2022-02-06,17.975347
2022-02-07,15.2309028
2022-02-08,16.822569
2022-02-09,20.521181
2022-02-10,21.569097
2022-02-11,21.562847
2022-02-12,19.227778
2022-02-13,21.288889
2022-02-14,15.561458309
2022-02-15,9.6239583
2022-02-16,11.1600694
2022-02-17,12.0336806
2022-02-18,14.290625009
2022-02-19,16.445486
2022-02-20,16.136458
2022-02-21,13.995486
2022-02-22,16.152083
2022-02-23,16.750347
2022-02-24,13.2934028
2022-02-25,11.651736
2022-02-26,12.5715278
2022-02-27,13.8513889
2022-02-28,11.843056
2022-03-01,10.180208
2022-03-02,12.3361111
2022-03-03,10.105208
2022-03-04,10.854514
2022-03-05,12.778472
2022-03-06,14.476736
2022-03-07,14.905556
2022-03-08,16.11875
2022-03-09,16.153125
2022-03-10,16.49132
2022-03-11,15.577778
2022-03-12,15.55312501
2022-03-13,15.11840277
2022-03-14,13.9996528
2022-03-15,11.473958
2022-03-16,11.1100694
2022-03-17,10.7635417
2022-03-18,10.1979166
2022-03-19,8.979514
2022-03-20,11.26007
2022-03-21,14.594444
2022-03-22,15.390278
2022-03-23,18.5
2022-03-24,15.706944
2022-03-25,13.948958
2022-03-26,11.734028
2022-03-27,10.4201389
2022-03-28,10.273958
2022-03-29,10.0753472
2022-03-30,13.126736
2022-03-31,14.839583341
2022-04-01,13.2503472
2022-04-02,12.6701389
2022-04-03,14.83888892
2022-04-04,15.184028
2022-04-05,13.373264
2022-04-06,13.239236
2022-04-07,15.328125
2022-04-08,8.660764
2022-04-09,7.524653
2022-04-10,8.240625
2022-04-11,8.215625
2022-04-12,9.033333
2022-04-13,11.877778
2022-04-14,9.985417
2022-04-15,7.095139
2022-04-16,6.742014
2022-04-17,9.0986111
2022-04-18,9.5680555
2022-04-19,11.827778
2022-04-20,15.9656249682
2022-04-21,16.032639
2022-04-22,17.490625
2022-04-23,11.4975695
2022-04-24,5.389583
2022-04-25,9.8076389
2022-04-26,10.3475695
2022-04-27,9.4524305
2022-04-28,9.543056
2022-04-29,6.928125
2022-04-30,7.207638916
2022-05-01,7.0618056
2022-05-02,8.060417
2022-05-03,9.926042
2022-05-04,10.170833
2022-05-05,10.52118
2022-05-06,10.424306
2022-05-07,9.706944
2022-05-08,9.890972
2022-05-09,9.6413194
2022-05-10,10.890625
2022-05-11,7.975347
2022-05-12,4.6006945
2022-05-13,2.8496528
2022-05-14,5.107986
2022-05-15,8.7475694
2022-05-16,11.8934028
2022-05-17,12.667708
2022-05-18,13.728472
2022-05-19,12.0069445
2022-05-20,11.2486111
2022-05-21,7.5350694
2022-05-22,6.507986
2022-05-23,8.659722
2022-05-24,7.271528
2022-05-25,5.508333
2022-05-26,7.19097223
2022-05-27,5.2465278
2022-05-28,2.9239583
2022-05-29,3.953125
2022-05-30,6.3899305
2022-05-31,12.9440973
2022-06-01,11.507986
2022-06-02,13.1013889
2022-06-03,8.939583
2022-06-04,8.4388889
2022-06-05,5.0260416
2022-06-06,3.6690972
2022-06-07,10.7951389
2022-06-08,13.0663194
2022-06-09,9.03993
2022-06-10,8.53993
2022-06-11,8.332986
2022-06-12,8.065625
2022-06-13,8.22882
2022-06-14,6.298611
2022-06-15,6.826389
2022-06-16,7.9725694
2022-06-17,8.286111
2022-06-18,8.309028
2022-06-19,8.41493
2022-06-20,5.302778
2022-06-21,3.2805556
2022-06-22,1.720139
2022-06-23,0.9684028
2022-06-24,1.3444445
2022-06-25,4.6399306
2022-06-26,9.5881945
2022-06-27,7.0277778
2022-06-28,5.9267361
2022-06-29,3.7173611
2022-06-30,6.0809028
2022-07-01,5.8385417
2022-07-02,6.2100694
2022-07-03,5.257986
2022-07-04,6.2333334
2022-07-05,5.162153
2022-07-06,6.4020833
2022-07-07,6.5930556
2022-07-08,3.45
2022-07-09,11.8347222
2022-07-10,9.924306
2022-07-11,7.04340277
2022-07-12,7.70729165
2022-07-13,11.7277778
2022-07-14,9.1253472
2022-07-15,7.9444445
2022-07-16,5.328125
2022-07-17,2.864236
2022-07-18,2.7690972
2022-07-19,3.84548611
2022-07-20,10.269792
2022-07-21,8.500694
2022-07-22,3.5430556
2022-07-23,2.726736
2022-07-24,2.0006945
2022-07-25,3.547916688
2022-07-26,7.76805556
2022-07-27,12.081944
2022-07-28,9.234028
2022-07-29,8.4583333
2022-07-30,7.08923608
2022-07-31,7.131597
2022-08-01,3.4618056
2022-08-02,2.3854167
2022-08-03,5.896528
2022-08-04,8.263542
2022-08-05,6.962153
2022-08-06,4.409375
2022-08-07,6.3003472
2022-08-08,9.257986
2022-08-09,6.813542
2022-08-10,5.7256944
2022-08-11,3.0725694
2022-08-12,0.371875
2022-08-13,0.5875
2022-08-14,0.975
2022-08-15,2.1236111
2022-08-16,3.651389
2022-08-17,9.05243
2022-08-18,13.9440972
2022-08-19,15.5541667
2022-08-20,16.9819445
2022-08-21,15.8298611
2022-08-22,10.7850694
2022-08-23,9.2163195
2022-08-24,7.366667
2022-08-25,6.2819445
2022-08-26,7.254861
2022-08-27,9.840625
2022-08-28,6.172917
2022-08-29,5.172917
2022-08-30,4.4166667
2022-08-31,5.454167
2022-09-01,4.9197917
2022-09-02,6.5517361
2022-09-03,7.3625
2022-09-04,7.3878472
2022-09-05,6.8885417
2022-09-06,4.4795139
2022-09-07,1.0899306
2022-09-08,3.8447917
2022-09-09,5.5263889
2022-09-10,6.0416667
2022-09-11,6.873264
2022-09-12,10.7510417
2022-09-13,11.117708
2022-09-14,7.38020833
2022-09-15,4.457986
2022-09-16,3.4350694
2022-09-17,6.3663195
2022-09-18,6.3951389
2022-09-19,7.971875
2022-09-20,9.4763889
2022-09-21,11.1246527
2022-09-22,9.2378472
2022-09-23,8.715625
2022-09-24,10.8326389
2022-09-25,8.9611111
2022-09-26,8.551736
2022-09-27,7.434375
2022-09-28,7.32118054
2022-09-29,8.8479167
2022-09-30,10.2350694
2022-10-01,10.0381944
2022-10-02,9.0729166
2022-10-03,12.747917
2022-10-04,9.11632
2022-10-05,6.884722
2022-10-06,6.2006944
2022-10-07,0.0229167
2022-10-08,2.8850695
2022-10-09,6.444792
2022-10-10,8.009375
2022-10-11,8.387153
2022-10-12,9.480208
2022-10-13,9.2684028
2022-10-14,8.9118056
2022-10-15,6.180903
2022-10-16,6.5319444
2022-10-17,7.4111111
2022-10-18,10.5611111
2022-10-19,8.846528
2022-10-20,7.661111
2022-10-21,7.69375
2022-10-22,6.096875
2022-10-23,5.263889
2022-10-24,8.619097
2022-10-25,10.2048611
2022-10-26,8.52118
2022-10-27,10.226736
2022-10-28,11.803125
2022-10-29,12.559028
2022-10-30,16.643403
2022-10-31,14.1003472
2022-11-01,13.732292
2022-11-02,12.7753472
2022-11-03,13.95937501
2022-11-04,14.4003472
2022-11-05,11.4270833
2022-11-06,10.9809028
2022-11-07,11.595486
2022-11-08,11.4326388
2022-11-09,13.043056
2022-11-10,13.795486
2022-11-11,11.580208
2022-11-12,11.7621528
2022-11-13,17.177431
2022-11-14,13.4576389
2022-11-15,13.45972218
2022-11-16,15.086458
2022-11-17,15.80625
2022-11-18,13.8059028
2022-11-19,15.22013891
2022-11-20,13.75972225
2022-11-21,13.548264
2022-11-22,12.860417
2022-11-23,13.910764
2022-11-24,10.9649306
2022-11-25,9.060764
2022-11-26,8.8288194
2022-11-27,10.617014
2022-11-28,11.52118
2022-11-29,10.3666667
2022-11-30,11.326736
2022-12-01,12.239236
2022-12-02,10.268056
2022-12-03,10.7718751
2022-12-04,9.53125
2022-12-05,12.1888889
2022-12-06,12.7940972
2022-12-07,11.4003472
2022-12-08,10.5291667
2022-12-09,11.03993
2022-12-10,16.230903
2022-12-11,16.065278
2022-12-12,14.3156251
2022-12-13,13.83611113
2022-12-14,16.3041666
2022-12-15,15.840278
2022-12-16,17.02882
2022-12-17,18.89236
2022-12-18,16.44132
2022-12-19,15.481944
2022-12-20,14.59479166
2022-12-21,12.538542
2022-12-22,13.929514
2022-12-23,13.651736
2022-12-24,14.919444
2022-12-25,14.8288194
2022-12-26,15.2138889
2022-12-27,16.007986
2022-12-28,14.328125
2022-12-29,14.29479165
2022-12-30,16.065625
2022-12-31,15.038542
2023-01-01,12.2131945
2023-01-02,10.710764
2023-01-03,13.273264
2023-01-04,15.660416689
2023-01-05,15.4065973
2023-01-06,16.13993
2023-01-07,18.414236
2023-01-08,16.43993
2023-01-09,14.70625
2023-01-10,15.091667
2023-01-11,14.654167
2023-01-12,16.77743
2023-01-13,12.4336806
2023-01-14,11.5451389
2023-01-15,13.559375
2023-01-16,14.545139
2023-01-17,15.735417
2023-01-18,16.2888889
2023-01-19,13.0111111
2023-01-20,16.075
2023-01-21,16.5565972
2023-01-22,16.1913195
2023-01-23,15.70972225
2023-01-24,13.3621528
2023-01-25,14.275347
2023-01-26,15.670486
2023-01-27,16.321875
2023-01-28,15.4350694
2023-01-29,15.5520834
2023-01-30,20.687847
2023-01-31,18.998611
2023-02-01,17.39514
2023-02-02,18.640972
2023-02-03,20.685764
2023-02-04,19.588889
2023-02-05,20.028472
2023-02-06,19.926736
2023-02-07,16.77014
2023-02-08,14.864236
2023-02-09,14.7225694
2023-02-10,12.896528
2023-02-11,13.279167
2023-02-12,14.0513889
2023-02-13,13.50868
2023-02-14,13.509722
2023-02-15,14.45138887
2023-02-16,13.0440973
2023-02-17,12.0246527
2023-02-18,10.2663194
2023-02-19,12.0569445
2023-02-20,13.5774306
2023-02-21,14.4472222
2023-02-22,15.94131939
2023-02-23,15.184028
2023-02-24,11.7496528
2023-02-25,11.3055556
2023-02-26,11.80382
2023-02-27,14.807986
2023-02-28,13.6236111
2023-03-01,13.2038195
2023-03-02,12.675
2023-03-03,12.640625
2023-03-04,16.161111
2023-03-05,15.7541667
2023-03-06,13.988542
2023-03-07,10.9190972
2023-03-08,9.8302083
2023-03-09,13.164236
2023-03-10,14.6493056
2023-03-11,14.210764
2023-03-12,13.794444
2023-03-13,13.6479167
2023-03-14,12.586458
2023-03-15,8.210417
2023-03-16,10.8875
2023-03-17,13.5736111
2023-03-18,16.82639
2023-03-19,13.858333
2023-03-20,13.060764
2023-03-21,12.582986
2023-03-22,10.684722
2023-03-23,7.10694444
2023-03-24,7.633680541
2023-03-25,8.5128472
2023-03-26,11.084028
2023-03-27,13.332986
2023-03-28,12.3819445
2023-03-29,10.88368
2023-03-30,4.321528
2023-03-31,5.8861111
2023-04-01,10.453472
2023-04-02,13.7510417
2023-04-03,12.622917
2023-04-04,10.544444
2023-04-05,8.0871528
2023-04-06,9.936806
2023-04-07,10.909722
2023-04-08,9.5041667
2023-04-09,9.077778
2023-04-10,12.440972
2023-04-11,15.284028
2023-04-12,13.1666666
2023-04-13,12.840972
2023-04-14,13.351042
2023-04-15,12.325694
2023-04-16,11.8427084
2023-04-17,12.884375
2023-04-18,12.442708
2023-04-19,14.189236
2023-04-20,16.638542
2023-04-21,16.178125
2023-04-22,14.103125
2023-04-23,15.965278
2023-04-24,13.2635417
2023-04-25,6.555208
2023-04-26,6.290972
2023-04-27,10.303125
2023-04-28,7.9888889
2023-04-29,7.130903
2023-04-30,8.6621528
2023-05-01,12.7923612
2023-05-02,17.03125
2023-05-03,16.804861
2023-05-04,15.4909722
2023-05-05,16.4989583
2023-05-06,16.1118056
2023-05-07,15.3840278
2023-05-08,14.324306
2023-05-09,15.640972
2023-05-10,15.308333331
2023-05-11,10.4423612
2023-05-12,4.0111111
2023-05-13,3.70416667
2023-05-14,6.288889
2023-05-15,7.4125
2023-05-16,7.726042
2023-05-17,5.912153
2023-05-18,6.0184028
2023-05-19,7.235417
2023-05-20,12.9111111
2023-05-21,13.05625
2023-05-22,8.593056
2023-05-23,8.8246528
2023-05-24,7.913542
2023-05-25,5.0263889
2023-05-26,4.185764
2023-05-27,5.390972
2023-05-28,6.6430556
2023-05-29,10.6201389
2023-05-30,13.025
2023-05-31,10.461458
2023-06-01,7.763889
2023-06-02,9.7788194
2023-06-03,10.007292
2023-06-04,5.5881944
2023-06-05,6.628125
2023-06-06,7.16944445
2023-06-07,6.3722222
2023-06-08,6.233333
2023-06-09,6.780903
2023-06-10,7.078125
2023-06-11,5.695139
2023-06-12,3.8239584
2023-06-13,6.3430556
2023-06-14,4.314236
2023-06-15,3.5833333
2023-06-16,1.7864583
2023-06-17,4.1524306
2023-06-18,8.285764
2023-06-19,9.0065972
2023-06-20,8.9003472
2023-06-21,7.475347
2023-06-22,9.6027778
2023-06-23,10.819792
2023-06-24,11.171875
2023-06-25,10.5868055
2023-06-26,9.6940973
2023-06-27,8.4111111
2023-06-28,6.79305559
2023-06-29,6.48125
2023-06-30,7.2993055
2023-07-01,5.3569445
2023-07-02,4.5885417
2023-07-03,4.5427083
2023-07-04,3.6625
2023-07-05,6.076389
2023-07-06,7.076389
2023-07-07,5.349653
2023-07-08,4.5319444
2023-07-09,9.5125
2023-07-10,7.5347222
2023-07-11,7.05173615
2023-07-12,6.8565972
2023-07-13,6.1434028
2023-07-14,6.396875
2023-07-15,8.526736
2023-07-16,7.993403
2023-07-17,8.6621528
2023-07-18,5.857639
2023-07-19,7.08263893
2023-07-20,6.767361
2023-07-21,6.772222
2023-07-22,6.2677084
2023-07-23,4.030903
2023-07-24,4.242708
2023-07-25,5.648611
2023-07-26,6.0809028
2023-07-27,2.1152778
2023-07-28,1.8760417
2023-07-29,2.275
2023-07-30,2.8461805
2023-07-31,4.1086806
2023-08-01,6.29375
2023-08-02,8.155903
2023-08-03,3.51597223
2023-08-04,1.1072917
2023-08-05,3.96493056
2023-08-06,2.932986
2023-08-07,3.41597224
2023-08-08,6.5045139
2023-08-09,4.373611
2023-08-10,2.817361
2023-08-11,2.8753472
2023-08-12,1.1527778
2023-08-13,3.43125
2023-08-14,7.20625
2023-08-15,6.085417
2023-08-16,3.8913194
2023-08-17,4.3131945
2023-08-18,3.103125
2023-08-19,3.5128472
2023-08-20,5.548264
2023-08-21,8.195139
2023-08-22,5.6770833
2023-08-23,3.473958339
2023-08-24,1.928125
2023-08-25,3.801736
2023-08-26,4.944097
2023-08-27,5.506597
2023-08-28,6.1895833
2023-08-29,2.417361
2023-08-30,1.3885417
2023-08-31,3.628125
2023-09-01,5.210417
2023-09-02,5.399653
2023-09-03,7.27673607966
2023-09-04,7.540278
2023-09-05,8.009722
2023-09-06,11.57257
2023-09-07,12.0927084
2023-09-08,8.8451389
2023-09-09,8.2354167
2023-09-10,7.8097223
2023-09-11,8.446875
2023-09-12,9.1048611
2023-09-13,7.059375
2023-09-14,6.6510417
2023-09-15,7.5885417
2023-09-16,7.01979166228
2023-09-17,5.016667
2023-09-18,9.4270834
2023-09-19,10.4416667
2023-09-20,8.99132
2023-09-21,11.7263889
2023-09-22,12.345486
2023-09-23,12.5274305
2023-09-24,12.0440973
2023-09-25,9.47882
2023-09-26,9.621875
2023-09-27,7.4253472
2023-09-28,4.554514
2023-09-29,7.240278
2023-09-30,6.029514
2023-10-01,3.81631943
2023-10-02,5.352083
2023-10-03,10.0378472
2023-10-04,3.1743056
2023-10-05,4.750347
2023-10-06,10.567708
2023-10-07,11.216667
2023-10-08,9.009722
2023-10-09,7.753125
2023-10-10,5.9256944
2023-10-11,7.680208
2023-10-12,6.923611
2023-10-13,6.820486
2023-10-14,8.9496528
2023-10-15,10.6986111
2023-10-16,10.3055556
2023-10-17,9.504514
2023-10-18,13.3739584
2023-10-19,12.501736
2023-10-20,13.889236
2023-10-21,13.8666666
2023-10-22,12.763542
2023-10-23,9.370486
2023-10-24,8.057292
2023-10-25,10.567014
2023-10-26,11.636458
2023-10-27,12.714236
2023-10-28,7.421528
2023-10-29,5.483333
2023-10-30,6.23125
2023-10-31,10.1628472
2023-11-01,14.889236
2023-11-02,12.9618056
2023-11-03,12.563194
2023-11-04,11.08507
2023-11-05,11.3673611
2023-11-06,10.965972
2023-11-07,9.486806
2023-11-08,8.610764
2023-11-09,7.531597
2023-11-10,7.734028
2023-11-11,6.366667
2023-11-12,7.1291667
2023-11-13,8.64375
2023-11-14,10.785764
2023-11-15,10.2003472
2023-11-16,11.796528
2023-11-17,12.721875
2023-11-18,13.6027778
2023-11-19,13.3184028
2023-11-20,13.686806
2023-11-21,12.42743
2023-11-22,12.5729166
2023-11-23,14.160764
2023-11-24,14.640278
2023-11-25,8.1677084
2023-11-26,7.423264
2023-11-27,8.6798611
2023-11-28,9.4059028
2023-11-29,11.7236111
2023-11-30,10.669444
2023-12-01,10.590625
2023-12-02,11.409722
2023-12-03,14.079167
2023-12-04,14.330208321412
2023-12-05,13.9524306
2023-12-06,12.8309028
2023-12-07,13.646527751
2023-12-08,11.7996528
2023-12-09,12.557292
2023-12-10,13.985417
2023-12-11,10.709028
2023-12-12,12.021528
2023-12-13,8.730556
2023-12-14,9.011806
2023-12-15,12.644792
2023-12-16,13.94375
2023-12-17,15.78993
2023-12-18,14.810417
2023-12-19,17.084375
2023-12-20,17.326736
2023-12-21,17.014236
2023-12-22,16.204514
2023-12-23,17.580208
2023-12-24,18.067014
2023-12-25,18.019097
2023-12-26,18.64757
2023-12-27,17.709375
2023-12-28,16.351042
2023-12-29,17.879167
2023-12-30,19.104167
2023-12-31,17.728472
2024-01-01,17.118403
2024-01-02,11.4444445
2024-01-03,12.742708
2024-01-04,15.23368054
2024-01-05,14.7309028
2024-01-06,12.9645834
2024-01-07,12.644792
2024-01-08,13.276042
2024-01-09,16.378125
2024-01-10,16.610417
2024-01-11,18.651389
2024-01-12,18.307639
2024-01-13,17.49757
2024-01-14,18.250347
2024-01-15,17.35
2024-01-16,15.3548612
2024-01-17,14.95659721
2024-01-18,18.172917
2024-01-19,18.97986
2024-01-20,20.344792
2024-01-21,20.525694
2024-01-22,18.884722
2024-01-23,19.308333
2024-01-24,15.878125
2024-01-25,11.5416667
2024-01-26,11.910764
2024-01-27,12.624306
2024-01-28,14.6333333
2024-01-29,12.0378472
2024-01-30,12.880208
2024-01-31,15.1260417
2024-02-01,15.654167
2024-02-02,15.79027775
2024-02-03,14.5968749
2024-02-04,9.4826389
2024-02-05,11.980556
2024-02-06,14.670486
2024-02-07,17.804861
2024-02-08,17.774306
2024-02-09,16.434375
2024-02-10,16.278125
2024-02-11,16.197917
2024-02-12,9.856944
2024-02-13,10.185764
2024-02-14,12.3559028
2024-02-15,12.9878473
2024-02-16,14.1524306
2024-02-17,15.855208
2024-02-18,16.1295138
2024-02-19,15.77083335
2024-02-20,15.959028
2024-02-21,13.95
2024-02-22,12.8673611
2024-02-23,15.48125
2024-02-24,13.9399305
2024-02-25,15.61736112
2024-02-26,17.025347
2024-02-27,14.5503473
2024-02-28,12.999306
2024-02-29,11.3440972
2024-03-01,11.823958
2024-03-02,12.502083
2024-03-03,13.48125
2024-03-04,15.03506945
2024-03-05,13.7322916
2024-03-06,9.6451389
2024-03-07,8.6305556
2024-03-08,9.4065973
2024-03-09,12.8059028
2024-03-10,12.809028
2024-03-11,11.19618
2024-03-12,13.2048611
2024-03-13,15.50659714
2024-03-14,14.04409726
2024-03-15,12.776736
2024-03-16,9.763194
2024-03-17,7.445486
2024-03-18,9.26007
2024-03-19,10.16875
2024-03-20,6.623264
2024-03-21,6.0815972
2024-03-22,7.9878472
2024-03-23,9.603125
2024-03-24,10.128472
2024-03-25,12.661458
2024-03-26,12.0048611
2024-03-27,13.3701388
2024-03-28,12.547917
2024-03-29,9.7378472
2024-03-30,7.023264
2024-03-31,5.7194444
2024-04-01,5.9729167
2024-04-02,8.861806
2024-04-03,11.0868056
2024-04-04,11.4059028
2024-04-05,11.9763889
2024-04-06,11.111458
2024-04-07,10.239236
2024-04-08,8.7510417
2024-04-09,11.3100695
2024-04-10,11.5763889
2024-04-11,15.286458
2024-04-12,16.597917
2024-04-13,16.791667
2024-04-14,11.420486
2024-04-15,9.7201389
2024-04-16,9.780556
2024-04-17,10.6
2024-04-18,10.8927083
2024-04-19,9.0163194
2024-04-20,10.0621528
2024-04-21,10.559722
2024-04-22,10.3972222
2024-04-23,9.1586806
2024-04-24,5.4979167
2024-04-25,6.5774306
2024-04-26,9.940278
2024-04-27,9.9190972
2024-04-28,5.2086806
2024-04-29,5.4420139
2024-04-30,6.876736
2024-05-01,6.554514
2024-05-02,8.4989583
2024-05-03,6.552778
2024-05-04,7.149653
2024-05-05,4.4184028
2024-05-06,5.8572917
2024-05-07,8.7989584
2024-05-08,4.8003472
2024-05-09,2.15
2024-05-10,1.8520833
2024-05-11,1.814236
2024-05-12,3.5930556
2024-05-13,3.5802083
2024-05-14,6.615625
2024-05-15,6.563889
2024-05-16,11.8923611
2024-05-17,8.710764
2024-05-18,8.667014
2024-05-19,6.792014
2024-05-20,6.813889
2024-05-21,7.8149305
2024-05-22,10.857986
2024-05-23,7.736111
2024-05-24,6.529861
2024-05-25,6.4576389
2024-05-26,5.0868056
2024-05-27,7.0020833
2024-05-28,5.6430555
2024-05-29,5.711111
2024-05-30,3.6309028
2024-05-31,3.4583333
2024-06-01,7.102778
2024-06-02,8.4583333
2024-06-03,8.348264
2024-06-04,4.6569444
2024-06-05,1.8677083
2024-06-06,3.3684028
2024-06-07,3.71493054
2024-06-08,6.484375
2024-06-09,7.0274306
2024-06-10,11.3923612
2024-06-11,11.5934028
2024-06-12,7.16736112
2024-06-13,3.8770833
2024-06-14,3.6909722
2024-06-15,12.3833333
2024-06-16,7.366319473
2024-06-17,6.70625
2024-06-18,9.523958
2024-06-19,7.382986
2024-06-20,6.409375
2024-06-21,7.051736
2024-06-22,4.985417
2024-06-23,5.1114583
2024-06-24,8.654514
2024-06-25,4.5354167
2024-06-26,5.609722
2024-06-27,6.4503472
2024-06-28,5.500347
2024-06-29,3.8302083
2024-06-30,4.852083
2024-07-01,3.85625
2024-07-02,8.122569
2024-07-03,5.888889
2024-07-04,2.525
2024-07-05,1.235764
2024-07-06,2.0097222
2024-07-07,3.176736
2024-07-08,2.6395833
2024-07-09,2.975
2024-07-10,1.3440972
2024-07-11,3.45902779
2024-07-12,3.42881945
2024-07-13,2.7194444
2024-07-14,4.271528
2024-07-15,6.4423611
2024-07-16,8.39757
2024-07-17,9.4111111
2024-07-18,5.4881944
2024-07-19,6.91944445
2024-07-20,8.196875
2024-07-21,7.937153
2024-07-22,6.776736091
2024-07-23,5.7621528
2024-07-24,4.646875
2024-07-25,3.5878472
2024-07-26,4.0746528
2024-07-27,4.885764
2024-07-28,6.75381945
2024-07-29,6.971875
2024-07-30,7.3649306
2024-07-31,9.533333
2024-08-01,6.0520833
2024-08-02,4.5590278
2024-08-03,3.0065972
2024-08-04,0.8256945
2024-08-05,1.551389
2024-08-06,3.8503472
2024-08-07,3.990625
2024-08-08,3.3069445
2024-08-09,6.1243056
2024-08-10,5.273646
2024-08-11,6.3231597
2024-08-12,4.8504861
2024-08-13,6.007361
2024-08-14,1.5584375
2024-08-15,2.462014
2024-08-16,5.228264
2024-08-17,8.151667
2024-08-18,10.0620486
2024-08-19,11.5932291
2024-08-20,4.92
2024-08-21,2.8830556
2024-08-22,3.5568055
2024-08-23,3.66652779
2024-08-24,6.4225347
2024-08-25,9.561736
2024-08-26,7.59753472
2024-08-27,7.979548612
2024-08-28,9.9552778
2024-08-29,8.08434
2024-08-30,11.0587847
2024-08-31,7.345625
2024-09-01,11.5377431
2024-09-02,10.568854
2024-09-03,7.457743
2024-09-04,10.2887848
2024-09-05,4.882882
2024-09-06,2.9453472
2024-09-07,6.2988541
2024-09-08,10.225104
2024-09-09,7.59020832
2024-09-10,7.568611
2024-09-11,9.5126736
2024-09-12,4.979236
2024-09-13,5.497465
2024-09-14,7.449792
2024-09-15,9.018264
2024-09-16,7.998889
2024-09-17,6.574896
2024-09-18,3.116111
2024-09-19,3.6542014
2024-09-20,7.4087152
2024-09-21,8.75368
2024-09-22,7.21684027
2024-09-23,7.3156944
2024-09-24,8.002187
2024-09-25,7.5489583
2024-09-26,6.9006945
2024-09-27,8.356806
2024-09-28,7.277639
2024-09-29,6.1384375
2024-09-30,7.75
2024-10-01,9.296736
2024-10-02,10.94993
2024-10-03,10.5010417
2024-10-04,13.3978125
2024-10-05,9.657674
2024-10-06,9.425799
2024-10-07,10.9097569
2024-10-08,10.129201
2024-10-09,10.9588889
2024-10-10,7.727083
2024-10-11,6.6811458
2024-10-12,7.71246532
2024-10-13,7.308785
2024-10-14,8.9001736
2024-10-15,9.192604
2024-10-16,6.255625
2024-10-17,5.6332986
2024-10-18,6.73239582
2024-10-19,9.67934
2024-10-20,11.10382
2024-10-21,11.9226042
2024-10-22,10.8492361
2024-10-23,12.2423264
2024-10-24,12.678194
2024-10-25,11.441042
2024-10-26,14.046875
2024-10-27,15.4460069
2024-10-28,11.5582986
2024-10-29,7.981771
2024-10-30,10.05941
2024-10-31,6.85128472
2024-11-01,9.2045834
2024-11-02,11.04368
2024-11-03,11.421354
2024-11-04,5.850868
2024-11-05,6.744965
2024-11-06,9.891806
2024-11-07,12.483368
2024-11-08,13.8919792
2024-11-09,13.344514
2024-11-10,13.41066
2024-11-11,14.36142359
2024-11-12,11.075486
2024-11-13,12.475972
2024-11-14,13.89145839
2024-11-15,15.27191
2024-11-16,14.86968747
2024-11-17,9.159722
2024-11-18,7.71531248
2024-11-19,10.4690972
2024-11-20,11.2162847
2024-11-21,10.544236
2024-11-22,7.378229
2024-11-23,8.131875
2024-11-24,10.042778
2024-11-25,11.278924
2024-11-26,12.959896
2024-11-27,13.78427084
2024-11-28,14.20868
2024-11-29,14.443854
2024-11-30,14.146945
2024-12-01,13.257222
2024-12-02,15.880764
2024-12-03,16.5845138
2024-12-04,16.4284722
2024-12-05,15.988993122
2024-12-06,15.353958
2024-12-07,14.0409375
2024-12-08,14.3367709
2024-12-09,14.957396
2024-12-10,15.513958
2024-12-11,11.9304166
2024-12-12,12.3919445
2024-12-13,14.5397569
2024-12-14,15.674514
2024-12-15,16.400729
2024-12-16,16.97493
2024-12-17,14.989826
2024-12-18,10.3710069
2024-12-19,10.8129166
2024-12-20,13.5078125
2024-12-21,15.513924
2024-12-22,14.71694448
2024-12-23,14.1815972
2024-12-24,14.90298614
2024-12-25,15.687361128
2024-12-26,16.476076
2024-12-27,13.881424
2024-12-28,11.187986
2024-12-29,11.621354
2024-12-30,15.948159688
2024-12-31,13.059688
2025-01-01,10.227986
2025-01-02,9.73625
2025-01-03,11.7264931
2025-01-04,11.2256598
2025-01-05,8.511597
2025-01-06,7.178889
2025-01-07,8.5192361
2025-01-08,11.266076
2025-01-09,10.925799
2025-01-10,11.066944
2025-01-11,10.6341667
2025-01-12,10.380278
2025-01-13,8.6252778
2025-01-14,9.7052083
2025-01-15,11.85809
2025-01-16,12.61
2025-01-17,13.57066
2025-01-18,14.83368
2025-01-19,14.448646
2025-01-20,14.364132
2025-01-21,14.536424
2025-01-22,14.608056
2025-01-23,15.04194447
2025-01-24,15.576736
2025-01-25,17.553264
2025-01-26,18.965868
2025-01-27,17.443958
2025-01-28,12.969236
2025-01-29,11.556528
2025-01-30,13.862708
2025-01-31,14.952049
2025-02-01,15.5275
2025-02-02,16.3948264
2025-02-03,16.21927
2025-02-04,14.5982986
2025-02-05,15.1525
2025-02-06,14.02559
2025-02-07,14.2772916
2025-02-08,15.176736
2025-02-09,15.15298609
2025-02-10,15.54909722
2025-02-11,16.50118
2025-02-12,14.65506945
2025-02-13,12.8389236
2025-02-14,14.1275
2025-02-15,15.8657291
2025-02-16,15.08690975
2025-02-17,15.889062497
2025-02-18,18.934479
2025-02-19,20.918576
2025-02-20,17.416597
2025-02-21,17.263542
2025-02-22,12.767396
2025-02-23,12.52243
2025-02-24,12.8688889
2025-02-25,14.64642367
2025-02-26,14.36493
2025-02-27,14.17100695
2025-02-28,16.167986
2025-03-01,16.682743
2025-03-02,16.497153
2025-03-03,15.9769791
2025-03-04,16.966736
2025-03-05,13.380208
2025-03-06,8.5578472
2025-03-07,7.51576391
2025-03-08,8.414028
2025-03-09,9.8478125
2025-03-10,9.680278
2025-03-11,11.271042
2025-03-12,12.101146
2025-03-13,12.403333
2025-03-14,9.61618
2025-03-15,11.0925
2025-03-16,11.111736
2025-03-17,13.8862847
2025-03-18,15.177292
2025-03-19,13.2757986
2025-03-20,9.8434028
2025-03-21,10.2541667
2025-03-22,11.6177431
2025-03-23,12.611042
2025-03-24,13.997049
2025-03-25,14.155868
2025-03-26,14.590799
2025-03-27,13.369375
2025-03-28,12.0620834
2025-03-29,12.6388889
2025-03-30,11.622014
2025-03-31,12.3792708
2025-04-01,13.479618
2025-04-02,14.631840345
2025-04-03,14.4754167
2025-04-04,15.872778
2025-04-05,17.916805
2025-04-06,13.53875
2025-04-07,13.465104
2025-04-08,12.227674
2025-04-09,10.7337847
2025-04-10,8.412882
2025-04-11,9.374896
2025-04-12,9.851076
2025-04-13,9.5730903
2025-04-14,9.4197222
2025-04-15,12.569236
2025-04-16,9.775208
2025-04-17,11.988264
2025-04-18,14.206875
2025-04-19,17.4425
2025-04-20,18.604687
2025-04-21,17.564757
2025-04-22,15.310764
2025-04-23,13.0807292
2025-04-24,8.3732639
2025-04-25,5.330278
2025-04-26,7.35965275
2025-04-27,10.499514
2025-04-28,10.904826
2025-04-29,14.37815978
2025-05-01,16.287882
2025-05-02,9.0693056
2025-05-03,5.543958
2025-05-04,6.0975
2025-05-05,5.95934
2025-05-06,3.4257986
2025-05-07,4.8144445
2025-05-08,7.559653
2025-05-09,9.753056
2025-05-10,14.098264
2025-05-11,7.3305903
2025-05-12,5.4906597
2025-05-13,6.6018056
2025-05-14,8.225903
2025-05-15,9.56118
2025-05-16,8.843785
2025-05-17,10.322396
2025-05-18,9.7001389
2025-05-19,13.73284721
2025-05-20,7.436146
2025-05-21,3.71868057
2025-05-22,2.8289236
2025-05-23,4.143611
2025-05-24,7.337465263
2025-05-25,5.0186806
2025-05-26,6.3394444
2025-05-27,11.04875
2025-05-28,9.659132
2025-05-29,10.684792
2025-05-30,8.682222
2025-05-31,8.789306
2025-06-01,8.3976389
2025-06-02,8.337569
2025-06-03,7.654896
2025-06-04,7.6340625
2025-06-05,12.1547569
2025-06-06,10.638785
2025-06-07,4.6469445
2025-06-08,2.6595833
2025-06-09,2.29125
2025-06-10,4.1045486
2025-06-11,5.470174
2025-06-12,10.2170486
2025-06-13,8.417222
2025-06-14,8.171736
2025-06-15,5.874757
2025-06-16,2.6926389
2025-06-17,2.5032986
2025-06-18,2.5499653
2025-06-19,2.306146
2025-06-20,6.2760764
2025-06-21,7.414132
2025-06-22,4.830625
2025-06-23,3.82996528
2025-06-24,7.412153
2025-06-25,5.0898264
2025-06-26,6.2275
2025-06-27,12.4203472
2025-06-28,12.7410417
2025-06-29,10.3665625
2025-06-30,6.9540625
2025-07-01,6.72076387
2025-07-02,5.5196875
2025-07-03,6.26
2025-07-04,11.5773264
2025-07-05,9.6260417
2025-07-06,8.296944
2025-07-07,3.70006944
2025-07-08,1.368264
2025-07-09,2.3448264
2025-07-10,5.0426736
2025-07-11,8.69559
2025-07-12,12.0679861
2025-07-13,8.8650347
2025-07-14,7.1016667
2025-07-15,6.911007
2025-07-16,7.171979
2025-07-17,6.1763194
2025-07-18,4.22566
2025-07-19,3.3987153
2025-07-20,3.046354
2025-07-21,2.917882
2025-07-22,1.479757
2025-07-23,0.9469792
2025-07-24,1.150382
2025-07-25,2.0612153
2025-07-26,4.0099306
2025-07-27,3.501493
2025-07-28,3.93059027
2025-07-29,5.3572917
2025-07-30,11.868264
2025-07-31,9.267465
2025-08-01,6.5135417
2025-08-02,3.4253125
2025-08-03,1.5039236
2025-08-04,1.784375
2025-08-05,2.6669444
2025-08-06,5.2789236
2025-08-07,3.1888889
2025-08-08,6.647257
2025-08-09,8.360278
2025-08-10,2.0516667
2025-08-11,1.2040278
2025-08-12,3.04375
2025-08-13,3.9062847
2025-08-14,3.5422917
2025-08-15,3.3520139
2025-08-16,5.2232986
2025-08-17,5.9212847
2025-08-18,7.8457292
2025-08-19,7.0489584
2025-08-20,3.6348611
2025-08-21,1.9742708
2025-08-22,3.98375
2025-08-23,2.0385764
2025-08-24,3.2173264
2025-08-25,5.759479
2025-08-26,5.823403
2025-08-27,6.4342014
2025-08-28,6.9144792
2025-08-29,8.0072569
2025-08-30,7.392049
2025-08-31,7.439618
2025-09-01,6.4230556
2025-09-02,6.4517014
2025-09-03,6.8028472
2025-09-04,4.915764
2025-09-05,7.530243
2025-09-06,9.865486
2025-09-07,6.4717014
2025-09-08,4.510243
2025-09-09,2.942014
2025-09-10,4.345104
2025-09-11,7.711632
2025-09-12,4.832361
2025-09-13,4.298993
2025-09-14,5.7062153
2025-09-15,7.4562153
2025-09-16,7.6224305
2025-09-17,9.518889
2025-09-18,9.949306
2025-09-19,9.2815278
2025-09-20,5.0680903
2025-09-21,4.6040625
2025-09-22,9.2687153
2025-09-23,12.01882
2025-09-24,12.6784722
2025-09-25,11.55316
2025-09-26,8.5303125
2025-09-27,7.404028
2025-09-28,9.3455903
2025-09-29,11.426076
2025-09-30,9.475868
2025-10-01,6.79371528
2025-10-02,6.9154861
2025-10-03,7.5466667
2025-10-04,11.812326
2025-10-05,11.3703125
2025-10-06,8.4915972
2025-10-07,8.07566
2025-10-08,8.191562
2025-10-09,8.012083
2025-10-10,10.5954167
2025-10-11,14.19815969
2025-10-12,14.023993
2025-10-13,13.5098611
2025-10-14,13.5250347
2025-10-15,10.493368
2025-10-16,7.148368
2025-10-17,9.1084028
2025-10-18,9.0998264
2025-10-19,9.4203472
2025-10-20,10.2690972
2025-10-21,9.0702084
2025-10-22,12.6987847
2025-10-23,10.2570834
2025-10-24,13.1449653
2025-10-25,9.7225347
2025-10-26,8.38125
2025-10-27,8.444722
2025-10-28,12.1360069
2025-10-29,7.4218055
2025-10-30,5.5565625
2025-10-31,7.757604
2025-11-01,8.570451
2025-11-02,9.916528
2025-11-03,11.8957291
2025-11-04,11.6929861
2025-11-05,10.967396
2025-11-06,12.6567708
2025-11-07,14.9059028
2025-11-08,15.3957986
2025-11-09,14.51479171
2025-11-10,14.0649653
2025-11-11,14.7343402
2025-11-12,12.990625
2025-11-13,13.46243053
2025-11-14,15.236493
2025-11-15,10.819826
2025-11-16,9.49125
2025-11-17,10.879201
2025-11-18,14.210799
2025-11-19,17.728646
2025-11-20,17.803194
2025-11-21,15.73496529
2025-11-22,16.93045
2025-11-23,15.020243082
2025-11-24,14.01072915
2025-11-25,13.707674
2025-11-26,15.791528
2025-11-27,16.608368
2025-11-28,16.4958681
2025-11-29,15.02878469
2025-11-30,11.972222
2025-12-01,14.93677
2025-12-02,13.6595139
2025-12-03,14.59847229
2025-12-04,14.772465
2025-12-05,9.085799
2025-12-06,12.5104861
2025-12-07,15.280173613
2025-12-08,16.439722
2025-12-09,17.091632
2025-12-10,18.173715
2025-12-11,17.496007
2025-12-12,16.7569792
2025-12-13,12.271736
2025-12-14,11.012257
2025-12-15,14.38941
