station,version,a1,a2,a3,a4,a5,a6,a7,a8,rmse_cal,rmse_val,nse_cal,nse_val
MAH_2369,8,0.889,0.649,0.765,0.129,2.318,1.536,0.603,0.241,0.62,0.76,0.99,0.98
MAH_2369,7,0.912,0.623,0.741,,1.764,1.189,0.607,0.182,0.62,0.78,0.99,0.98
MAH_2369,5,3.149,0.708,1.059,,,1.632,0.585,,0.65,0.78,0.99,0.98
MAH_2369,4,0.935,0.504,0.620,0.212,,,,,0.77,0.92,0.98,0.98
MAH_2369,3,1.002,0.549,0.674,,,,,,0.78,0.91,0.98,0.98
SIO_2011,8,0.346,0.219,0.178,0.718,7.773,2.217,0.529,1.280,0.58,0.75,0.92,0.89
SIO_2011,7,1.165,0.192,0.292,,3.631,1.224,0.520,0.665,0.61,0.77,0.92,0.89
SIO_2011,5,9.172,0.351,1.834,,,1.303,0.485,,0.88,1.05,0.83,0.79
SIO_2011,4,9.303,0.531,2.110,-0.251,,,,,0.90,1.04,0.81,0.79
SIO_2011,3,8.072,0.455,1.827,,,,,,0.91,1.05,0.81,0.79
DAV_2327,8,4.794,0.629,1.410,0.270,0.000,4.912,0.582,0.637,0.61,0.62,0.96,0.95
DAV_2327,7,3.536,0.455,1.073,,0.000,3.080,0.587,0.384,0.64,0.65,0.95,0.95
DAV_2327,5,7.486,0.651,2.768,,,7.044,0.607,,0.70,0.70,0.94,0.94
DAV_2327,4,5.917,0.929,2.285,-0.147,,,,,0.88,0.87,0.91,0.91
DAV_2327,3,5.803,0.923,2.277,,,,,,0.89,0.88,0.90,0.91
